Name,UCSC_RefGene_Name
cg24680979,GGCX;GGCX
cg21007530,GGCX;GGCX
cg03981341,GGCX;GGCX
cg27097586,GGCX;GGCX
cg18704543,GGCX;GGCX
cg14395603,GGCX;GGCX;GGCX;GGCX
cg06136483,GGCX;GGCX
cg13008881,GGCX;GGCX
cg00021264,GGCX;GGCX;GGCX;GGCX
cg20944303,GGCX;GGCX
cg01922426,GGCX;GGCX
cg24915796,GGCX;GGCX
cg11544285,GGCX;GGCX
cg10506212,GGCX;GGCX
cg13174083,GGCX;GGCX
cg27432242,GGCX;GGCX
cg19071342,GGCX;GGCX
cg23410980,GGCX;GGCX
cg15037586,GGCX;GGCX
cg10201608,GGCX;GGCX;GGCX;GGCX
cg12787136,GGCX;GGCX
cg17127132,GGCX;GGCX
cg07143583,GGCX;GGCX
cg13737969,VKORC1;VKORC1
cg04200835,VKORC1;VKORC1
cg00333985,VKORC1L1
cg02664764,VKORC1;VKORC1
cg01305745,VKORC1;VKORC1
cg05332525,VKORC1L1
cg19350839,VKORC1L1
cg27610764,VKORC1;VKORC1;VKORC1;VKORC1
cg18095404,VKORC1L1
cg10774155,VKORC1L1
cg03095379,VKORC1;VKORC1;VKORC1;VKORC1
cg02866075,VKORC1L1;VKORC1L1
cg25047102,VKORC1;VKORC1
cg22062239,VKORC1;VKORC1
cg23090159,VKORC1L1
cg06742030,VKORC1L1;VKORC1L1
cg26856388,VKORC1L1
cg20836212,VKORC1L1
cg00156232,VKORC1L1;VKORC1L1
cg02846228,VKORC1;VKORC1
cg06545046,VKORC1L1;VKORC1L1
cg16760382,VKORC1L1
cg20137852,VKORC1L1;VKORC1L1
cg27583149,VKORC1;VKORC1
cg16489125,VKORC1L1;VKORC1L1
cg10206370,VKORC1L1;VKORC1L1
cg08421448,VKORC1;VKORC1
cg25911451,VKORC1L1;VKORC1L1
cg25140951,VKORC1;VKORC1
cg21104363,VKORC1L1
cg12650547,VKORC1L1;VKORC1L1
cg12839700,VKORC1L1
cg25643253,VKORC1L1
cg06814757,VKORC1;VKORC1
cg04263740,VKORC1L1
cg10396673,VKORC1;VKORC1
cg12711054,VKORC1L1
cg19254463,VKORC1;VKORC1
cg24770845,VKORC1;VKORC1
cg09155044,VKORC1;VKORC1
cg16508168,VKORC1;VKORC1
cg25360788,VKORC1L1;VKORC1L1
cg09818930,VKORC1;VKORC1
cg23202385,CYP2C9
cg24140586,CYP2C9
cg14191040,CYP2C9
cg09550024,CYP2C9
cg24804666,CYP2C9
cg23234854,CYP2C9
cg12253859,CYP2C9
cg04738224,CYP4F22
cg24456663,CYP4F22
cg13525067,CYP4F22
cg17716453,CYP4F22;CYP4F22
cg07247925,CYP4F22
cg23771530,CYP4F2
cg16608318,CYP4F22
cg08840230,CYP4F22
cg17653190,CYP4F2
cg03346908,CYP4F22;CYP4F22
cg19001086,CYP4F22
cg09372051,CYP4F22
cg03375880,CYP4F22
cg27393487,CYP4F22
cg16175013,CYP4F22
cg08130089,CYP4F2
cg27192625,CYP4F24P
cg27638815,CYP4F22
cg16919930,CYP4F29P
cg08178764,CYP4F2
cg16762802,CYP4F22
cg25912308,CYP4F24P;CYP4F24P
cg01773376,CYP4F22
cg25984597,CYP4F2
cg18992113,CYP4F22
cg00571805,CYP4F22
cg19062489,CYP4F22
cg22068747,CYP4F22
cg12313593,CYP4F22
cg14116584,CYP4F22
cg01859415,CYP4F24P
cg13557545,CYP4F22;CYP4F22
cg08766627,CYP4F22
cg14851685,CYP4F22
cg05358291,CYP4F2
cg21758587,CYP4F22
cg13430145,CYP4F24P
cg04743066,CYP4F22
cg13656062,CYP4F2
cg05696779,CYP4F22
cg08520349,CYP4F22
cg08535317,CYP4F22
cg09535567,CYP4F22
cg20840639,CYP4F29P
cg26584538,CYP4F24P
cg00996623,CYP4F22
cg10572035,CYP4F29P
cg09412503,CYP4F22
cg01231180,CYP4F2
cg24445796,CYP4F22
cg00396625,EPHX1;EPHX1
cg20316779,EPHX1
cg23096144,EPHX1;EPHX1
cg24928687,EPHX1;EPHX1
cg26187962,EPHX1;EPHX1
cg19960806,EPHX1
cg05605921,EPHX1
cg05385434,EPHX1
cg02279452,EPHX1;EPHX1
cg11060528,EPHX1;EPHX1;EPHX1
cg06389521,EPHX1;EPHX1;EPHX1
cg11834764,EPHX1;EPHX1;EPHX1
cg18695564,EPHX1;EPHX1;EPHX1
cg26513734,EPHX1
cg00524289,EPHX1
cg17468616,EPHX1;EPHX1;EPHX1
cg15633273,EPHX1
cg22655140,EPHX1;EPHX1;EPHX1
cg00501904,EPHX1
cg21813439,EPHX1;EPHX1;EPHX1
cg05651106,EPHX1;EPHX1;EPHX1
cg21982879,EPHX1;EPHX1;EPHX1
cg27550915,EPHX1;EPHX1;EPHX1
cg13622587,EPHX1;EPHX1;EPHX1
cg13953354,EPHX1;EPHX1
cg21826272,EPHX1
cg03138928,EPHX1
cg03337430,EPHX1;EPHX1
cg14202546,EPHX1;EPHX1;EPHX1
cg17211296,EPHX1;EPHX1
cg10113031,EPHX1;EPHX1;EPHX1
cg03459809,EPHX1;EPHX1;EPHX1
cg24350360,EPHX1
cg02453929,EPHX1;EPHX1
cg05935800,EPHX1;EPHX1
cg03268860,EPHX1;EPHX1;EPHX1
cg24363406,IGSF5
cg08976386,IGSF5
cg04238737,IGSF5
cg00569188,IGSF5
cg18964913,IGSF5
cg11601115,IGSF5
cg09022473,IGSF5
cg12170845,IGSF5
cg05830618,IGSF5
cg24698780,IGSF5
cg12535562,IGSF5
cg21080506,ZNF721;ABCA11P
cg25164336,ABCA17P;ABCA3
cg02497785,ABCA13
cg21852712,ABCA17P;ABCA3
cg06979342,ABCA17P
cg07045469,ABCA13
cg00949442,ABCA17P;ABCA3
cg02331561,ABCA17P;ABCA3
cg22872778,ABCA13
cg14470647,ABCA1
cg02845274,ABCA13
cg02924347,ABCA17P;ABCA3
cg14170545,ABCA1
cg07703976,ABCA13
cg00795900,ABCA17P;ABCA3
cg06301893,ABCA17P;ABCA3
cg14630985,ABCA1
cg14069205,ABCA10;ABCA5;ABCA5
cg07915849,ABCA17P;ABCA3
cg17172633,ABCA13
cg16132315,ABCA1
cg15382258,ABCA13
cg00645664,ABCA13
cg17811646,ZNF721;ABCA11P
cg06795340,ABCA1
cg13917978,ABCA10
cg20618167,ABCA12;ABCA12;ABCA12;LOC101928103;ABCA12;ABCA12;ABCA12
cg25954639,ABCA17P
cg23607917,ABCA10
cg13628367,ABCA13
cg21572316,ABCA1
cg10308937,ABCA11P;ZNF721
cg00772192,ABCA13
cg21532758,ABCA1
cg25191305,ABCA13
cg26670366,ABCA10
cg23114403,ABCA12;ABCA12;ABCA12
cg15559110,ABCA1
cg19699994,ABCA1
cg14019050,ABCA1
cg01820767,ABCA12;ABCA12;ABCA12
cg19237530,ABCA13
cg12878183,ABCA17P;ABCA3
cg18575328,ABCA1
cg07180069,ABCA10
cg26936224,ABCA13
cg14863387,ABCA1
cg23801991,ABCA12;ABCA12
cg05668745,ABCA12;ABCA12
cg26589335,ABCA12;ABCA12;ABCA12
cg16849860,ABCA13
cg26534460,ABCA12;ABCA12
cg17691939,ABCA13
cg05835113,ABCA13
cg13666293,ZNF721;ABCA11P
cg04697162,ABCA1
cg13849142,ABCA10
cg14019757,ABCA10
cg00452446,ABCA13
cg23456396,ABCA17P
cg08883220,LOC101928103;ABCA12;ABCA12;ABCA12
cg02647736,ABCA13
cg07537563,ABCA17P
cg06364604,ABCA10
cg04119462,ABCA17P
cg04446279,ABCA17P
cg22971407,ABCA17P
cg15177457,ABCA13
cg08922869,ABCA12;ABCA12;ABCA12
cg18280251,ABCA13
cg05001024,ABCA11P;ZNF721
cg07934026,ZNF721;ABCA11P
cg07095502,ABCA12;ABCA12;ABCA12
cg23126902,ABCA12;ABCA12
cg15586407,ABCA12;ABCA12;ABCA12
cg07279808,ABCA13
cg15659943,ABCA1
cg12399389,ABCA10;ABCA10
cg12411425,ABCA5;ABCA5;ABCA10
cg00972111,ABCA12;ABCA12
cg06163144,ABCA10
cg14491628,ABCA1
cg26843807,ABCA12;ABCA12
cg12876398,ABCA13
cg13559409,ABCA1
cg14674740,ABCA13;ABCA13
cg17451435,ABCA1
cg07876295,ABCA12;ABCA12
cg13236377,ABCA12;ABCA12
cg04783959,ABCA13
cg01939522,ABCA13
cg22303192,ABCA17P
cg20287119,ZNF721;ABCA11P
cg17140224,ABCA1
cg17546605,ABCA12;ABCA12
cg22022988,ABCA13
cg14326305,ABCA1
cg21653793,ABCA1
cg17850111,ABCA1
cg02224282,ABCA13
cg13430450,ABCA1
cg08218512,ABCA13
cg12552394,ABCA1
cg18537784,ABCA12;ABCA12;ABCA12
cg14299235,ABCA1
cg11970703,ABCA12;ABCA12
cg24081547,ABCA12;ABCA12;ABCA12
cg03372042,ABCA13
cg10152497,ABCA10
cg13337086,ABCA1
cg20307184,ABCA13
cg23236365,ABCA1
cg08441248,ABCA13
cg04530015,ABCA12;ABCA12
cg14564724,ABCA1
cg18139074,ABCA1
cg15579246,ABCA13
cg08786644,ABCA1
cg08031728,ABCA1
cg24116875,ABCA12;ABCA12
cg05894322,ABCA10
cg10571161,ABCA17P;ABCA3
cg14017816,ABCA17P
cg14063654,ABCA1
cg00380250,ABCA13
cg14065382,ABCA1
cg14506686,ABCA13
cg14431850,ABCA1
cg07313924,ABCA12;ABCA12;ABCA12
cg00822110,ABCA1
cg04971495,ABCA13
cg08890309,ABCA1
cg13744677,ABCA1
cg05286874,ABCA1
cg10626169,ABCA13
cg16937333,ABCA11P;ZNF721
cg13571501,ABCA1
cg04146609,ABCA11P;ZNF721
cg11179454,ABCA10
cg25211289,ABCA1
cg11504635,ABCA1
cg10964663,ABCA1
cg02796496,ABCA13
cg06347454,ABCA13
cg25894955,ABCA1
cg04077417,ABCA13
cg08211606,ABCA1
cg24707839,ABCA17P
cg26807340,ABCA17P
cg20211653,ABCA1
cg03361738,ABCA1
cg10853085,ABCA12;ABCA12
cg04043023,ABCA1
cg00219795,ABCA13
cg16701228,ABCA12;ABCA12
cg02847766,ABCA17P
cg05856015,ZNF721;ABCA11P
cg10434274,ABCA1
cg26117517,ZNF721;ABCA11P
cg20851265,ABCA10
cg19212712,ZNF721;ABCA11P
cg03743858,ABCA1
cg14313833,ABCA1
cg06625852,ABCA17P
cg27308871,ABCA17P
cg22202891,ABCA12;ABCA12
cg16001699,ABCA13
cg27386033,ABCA13
cg06192451,ABCA10;ABCA10
cg02945674,ABCA1
cg12325700,ABCA13
cg17478776,ABCA1
cg22194448,ABCA11P;ZNF721
cg06460023,ABCA1
cg10775893,ABCA1
cg08329397,ABCA13
cg11293217,ABCA1
cg27652723,ABCA10
cg20200605,APOA1
cg24466836,APOA1;APOA1-AS
cg20047116,APOA1BP
cg20285045,APOA1;APOA1-AS
cg03010018,APOA1
cg14609757,APOA1BP
cg19360562,APOA1
cg01643229,APOA1;APOA1-AS
cg23117929,APOA1BP
cg09822001,APOA1BP
cg19783736,APOA1BP
cg26734040,APOA1
cg13854193,APOA1-AS;SIK3;SIK3;SIK3
cg12160687,APOA1BP
cg15896978,APOA1
cg09558982,APOA1
cg10753889,APOA1
cg00142925,APOA1
cg16168311,APOA1BP
cg10581263,APOA1BP
cg18381283,APOA1BP
cg14892118,APOA1BP
cg01605089,APOA1;APOA1-AS
cg19907940,APOA1-AS;SIK3;SIK3;SIK3
cg05333531,APOA1BP
cg03856801,APOA1
cg15208197,APOA1BP
cg16564525,APOA1BP
cg25987102,APOA1
cg17947416,APOA1;APOA1-AS
cg19324627,APOA1;APOA1
cg23305774,APOA1BP
cg00999338,APOA1-AS;SIK3;SIK3;SIK3
cg24984312,APOA1
cg09862428,APOA1;APOA1-AS
cg01129637,APOA4
cg18283361,APOA4
cg15950203,APOA4
cg23200506,APOA4
cg07661246,APOA4
cg23024214,APOA4
cg05921324,APOA4
cg11052922,APOA4
cg01835635,APOA4
cg12324426,APOA4;APOA4
cg09136129,APOA4
cg15727249,APOA4
cg21870551,APOA5;APOA5
cg09044186,APOA5;APOA5
cg25454270,APOA5;APOA5
cg06161723,APOA5;APOA5
cg27362048,APOA5;APOA5
cg07700644,APOA5;APOA5
cg00411697,APOA5;APOA5
cg24542300,APOA5;APOA5
cg02157083,APOA5;APOA5
cg15248784,APOA5;APOA5
cg25682080,APOA5;APOA5;APOA5;APOA5
cg12556569,APOA5;APOA5
cg15143115,APOA5;APOA5
cg08598780,APOA5;APOA5
cg10732385,APOA5;APOA5
cg13621464,APOA5;APOA5
cg03296940,APOA5;APOA5
cg03481039,APOA5;APOA5
cg22902400,APOBEC3G;APOBEC3G
cg00359511,APOB48R
cg04639062,APOB
cg16723488,APOB
cg19333614,APOBEC3F
cg04505076,APOB
cg17067405,APOB;APOB
cg07542864,APOB48R
cg16306978,APOB
cg10555000,APOBEC3D
cg08063111,APOB
cg00075488,APOBEC3C
cg06932384,APOBEC3A
cg00673290,APOB
cg25123895,APOB
cg08546856,APOBEC4;RGL1
cg10316474,APOBEC3C
cg25035485,APOB
cg17035591,APOBEC3F;APOBEC3F
cg26530502,APOBEC3D
cg02587894,APOBEC3A
cg03300649,APOB48R;CLN3
cg11213508,CLN3;CLN3;CLN3;CLN3;CLN3;CLN3;APOBR
cg02869653,APOBEC3A
cg07186138,APOBEC3C
cg03350299,APOB
cg07636176,APOB
cg24424889,APOBEC3H;APOBEC3H;APOBEC3H;APOBEC3H
cg03582215,APOBEC3H;APOBEC3H;APOBEC3H
cg18707706,APOBEC3D
cg09841052,APOBEC2
cg07963345,APOBEC3F;APOBEC3F;APOBEC3F;APOBEC3F
cg17548735,APOBEC2;APOBEC2
cg26865290,APOB48R
cg08709276,APOBEC2
cg15972191,CLN3;CLN3;CLN3;CLN3;CLN3;CLN3;APOBR
cg00228142,APOB48R
cg23949611,APOB
cg00202610,APOBR
cg17187764,APOBEC1
cg10630977,APOBEC3F
cg26000393,APOBEC3B
cg23603877,APOB
cg19798619,APOBEC3A_B
cg09135399,APOBEC3H;APOBEC3H;APOBEC3H;APOBEC3H
cg06523744,APOBEC3C
cg00843270,APOBEC4;RGL1;RGL1;RGL1
cg05333014,APOB
cg21345826,APOBEC3A;APOBEC3A
cg26648933,APOB
cg26118553,APOB
cg16056272,APOBEC4;RGL1
cg14353278,APOB
cg19800753,APOBEC3F;APOBEC3F
cg27504369,APOBEC3A;APOBEC3A
cg18413948,APOBEC2;APOBEC2
cg07184523,APOBEC3F;APOBEC3F
cg05961176,APOB
cg16045423,APOBEC3B
cg01397001,APOBEC3A
cg11505048,RGL1;APOBEC4
cg02038910,APOBEC3D
cg20689167,APOB
cg20172737,APOBEC2
cg15263858,APOBEC3B;APOBEC3B;APOBEC3A_B
cg18696237,APOBEC3H;APOBEC3H;APOBEC3H;APOBEC3H
cg08999478,APOBEC3H;APOBEC3H;APOBEC3H;APOBEC3H
cg00053113,APOBEC3F;APOBEC3F
cg06837067,APOBEC3B
cg11413071,APOBEC3C
cg20579480,APOBEC4;RGL1
cg12636505,APOBEC3D
cg09357205,APOBEC3H;APOBEC3H;APOBEC3H;APOBEC3H
cg04982190,APOBEC4;RGL1
cg23896816,APOBEC3G;APOBEC3G
cg22954818,APOBEC3A
cg17897852,APOBEC3C
cg23253588,APOBEC1
cg13022402,APOB
cg26494369,APOBEC4;RGL1;RGL1;RGL1
cg16879115,APOBEC1
cg26692016,APOBEC1
cg11816043,APOBEC3B
cg10567498,APOBEC2
cg14237301,APOB48R
cg27495459,APOBEC3C
cg21707131,APOBEC3B
cg07337290,APOB48R
cg25073664,APOBEC3F
cg04835613,APOBEC3C;APOBEC3C
cg12253732,APOBEC2
cg20763450,APOBEC3B-AS1
cg21566086,APOB48R
cg04603630,APOBEC3A_B
cg18747468,APOBEC3B;APOBEC3B;APOBEC3A_B;APOBEC3B;APOBEC3B
cg25787886,APOBEC3B
cg12649188,APOBEC3D
cg22682201,APOBEC2
cg26124861,APOBEC3H;APOBEC3H;APOBEC3H;APOBEC3H
cg15545617,APOBEC3F
cg22375610,APOBEC2
cg26112457,APOB
cg17972162,APOBEC3H;APOBEC3H;APOBEC3H;APOBEC3H
cg19498946,APOBEC3A;APOBEC3A;APOBEC3A_B
cg25883868,APOBEC3F;APOBEC3F
cg17385662,APOBEC3F;APOBEC3F
cg20734760,APOBEC3B;APOBEC3B;APOBEC3A_B
cg14194956,APOBEC3B
cg13287979,APOB
cg19264170,APOBEC4;RGL1
cg06930754,APOBEC3D
cg14871593,APOBEC3F;APOBEC3F
cg14644031,APOB
cg00399895,APOBEC3G
cg13797713,APOBEC3D
cg21319310,APOB
cg26082280,APOBEC3G
cg04770705,APOB48R
cg23961843,RGL1;APOBEC4
cg09582545,APOBEC3F;APOBEC3F
cg16332159,APOB48R
cg16627782,APOBEC1;APOBEC1;APOBEC1
cg16823665,APOBEC3G
cg13440882,APOBEC3G
cg15246511,APOB
cg17060379,APOBEC3G
cg20597842,APOBEC1
cg10191799,APOBEC3F;APOBEC3F
cg05191675,APOBEC2
cg21310636,APOBEC3C
cg23214840,APOB
cg25337491,APOB
cg19977280,APOBEC3D
cg02051562,APOBEC4;RGL1
cg14387414,APOBEC3B
cg22481619,APOBEC3C;APOBEC3C
cg05368949,APOBEC3G
cg25071744,APOB
cg02343594,APOBEC2
cg09721008,APOBEC3B-AS1
cg10016348,APOBEC3F;APOBEC3F
cg05337441,APOB
cg08665930,APOBEC3D
cg11304383,APOBEC1
cg23355472,APOBEC4;RGL1;RGL1;RGL1
cg24360617,APOBEC3A
cg16066354,APOBEC3D;APOBEC3D
cg24309555,APOB
cg02042997,APOB48R
cg18746774,APOBEC3A
cg23225498,APOBEC3B;APOBEC3B;APOBEC3A_B
cg04962026,APOB48R
cg22267191,APOBR
cg24519526,APOBEC3G
cg15637826,APOBEC2
cg02567500,APOB48R
cg17873829,APOBEC3A;APOBEC3A;APOBEC3A_B
cg06398754,APOBEC3G
cg13256546,APOBEC3G
cg05366052,APOBEC1
cg01967894,APOBEC3F
cg08731950,APOB
cg24598106,APOB
cg06229674,APOBEC3H;APOBEC3H;APOBEC3H;APOBEC3H
cg24365795,APOBR
cg25725699,APOBEC3A_B
cg19459542,APOB
cg18140710,APOBEC3D
cg01089751,APOBEC3B;APOBEC3B
cg27451450,APOBEC3C
cg24515575,APOBEC3H;APOBEC3H;APOBEC3H;APOBEC3H
cg02636872,APOB48R
cg24654907,APOBEC2
cg08923160,APOB48R
cg27436184,APOC2
cg11985722,APOC4;APOC4-APOC2
cg01958934,APOC2
cg10169327,APOC2
cg10872931,APOC4-APOC2;APOC2
cg20090143,APOC2
cg24817351,APOC4;APOC4-APOC2
cg14723423,APOC2;APOC4
cg13119609,APOC2;APOC2
cg25746394,APOC2
cg08701064,APOC4;APOC2;APOC4-APOC2
cg14114401,APOC2;APOC4-APOC2
cg22294278,APOC4-APOC2;APOC2
cg09555818,APOC2;APOC2
cg22164781,APOC2;APOC4
cg05134567,APOC4-APOC2;APOC2
cg20957428,APOC3
cg08985259,APOC3
cg03742763,APOC3
cg06976260,APOC3
cg20691580,APOC3
cg05618022,APOC3
cg24729228,APOC3
cg11869828,APOC3
cg04756168,APOC3
cg20386255,APOC3
cg17621757,APOC3
cg04048249,APOC3
cg05501958,APOE
cg20051876,APOE;APOE;APOE;APOE
cg19514613,APOE
cg06750524,APOE
cg16471933,APOE
cg18799241,APOE
cg26190885,APOE
cg18768621,APOE
cg08955609,APOE
cg04406254,APOE
cg21879725,APOE
cg14123992,APOE
cg12049787,APOE;APOE
cg04125710,CETP
cg26624021,CETP
cg20436925,CETP;CETP
cg03186069,CETP
cg16660091,CETP;CETP
cg01706698,CETP
cg02751803,CETP
cg04232615,CETP
cg08435047,CETP;CETP
cg04483802,CETP;CETP
cg12564453,CETP;CETP
cg04784327,CETP
cg27612129,CETP
cg06307915,CETP;CETP
cg24886812,CETP;CETP
cg09889350,CETP
cg26916607,CETP
cg02254551,CETP
cg25007834,FNDC4;GCKR
cg00548296,GCKR
cg08151750,FNDC4;GCKR
cg08499094,FNDC4;GCKR
cg11953516,FNDC4;GCKR
cg05445162,GCKR;GCKR
cg00498289,GCKR
cg00835771,FNDC4;GCKR
cg15062470,FNDC4;GCKR
cg20022122,GCKR
cg23427394,GCKR
cg17173574,GCKR
cg20229788,FNDC4;GCKR
cg15308271,GCKR
cg22903471,GCKR
cg23586138,FNDC4;GCKR
cg14398735,GCKR
cg11213898,HMGCR;HMGCR
cg01201744,HMGCR;HMGCR
cg26685658,HMGCR;HMGCR;HMGCR;HMGCR
cg26399773,HMGCR;HMGCR
cg10552847,HMGCR;HMGCR
cg20773211,HMGCR;HMGCR
cg09026481,HMGCR;HMGCR;HMGCR;HMGCR
cg06434480,HMGCR;HMGCR
cg07025548,HMGCR;HMGCR
cg18880544,HMGCR;HMGCR
cg01563485,HMGCR;HMGCR
cg26510404,HMGCR;HMGCR
cg03012879,HMGCR;HMGCR
cg07732421,HMGCR;HMGCR
cg08112866,HMGCR;HMGCR
cg02162412,HMGCR;HMGCR
cg02535733,HMGCR;HMGCR
cg19074735,HMGCR;HMGCR
cg24854943,HMGCR;HMGCR
cg23674615,HMGCR;HMGCR
cg05910138,HMGCR;HMGCR
cg11003009,HMGCR;HMGCR
cg00360362,HMGCR;HMGCR
cg23539484,HMGCR;HMGCR
cg21019177,HMGCR;HMGCR
cg22442430,LDLRAP1
cg17045820,VLDLR-AS1;VLDLR;VLDLR
cg17456100,LDLRAD2
cg24334174,LDLRAD2
cg13351962,LDLR
cg21269758,LDLRAP1
cg09261020,LDLRAP1
cg12902033,VLDLR;VLDLR;VLDLR;VLDLR;VLDLR-AS1
cg14263499,LDLRAD4;LDLRAD4;LDLRAD4;LDLRAD4;LDLRAD4;LDLRAD4
cg18746970,LDLRAD4
cg10538929,LDLRAD2;HSPG2
cg16384073,LDLRAD2;HSPG2
cg20490126,LDLRAP1
cg08826460,LDLR
cg16410656,LDLRAD3
cg12329720,LDLRAD4;LDLRAD4;LDLRAD4;LDLRAD4;LDLRAD4
cg14331002,LDLR
cg09448205,VLDLR;VLDLR;VLDLR-AS1
cg15467646,LDLRAD2
cg24113439,LDLR
cg18596381,LDLR
cg22381454,LDLR
cg18563970,LDLRAD4;LDLRAD4
cg19542310,LDLRAD3;LDLRAD3;LDLRAD3
cg06950392,LDLR
cg21091378,LDLR;LDLR;LDLR;LDLR;LDLR
cg12013591,LDLR
cg06782041,LDLRAD2;HSPG2
cg03554660,LDLR
cg14161729,LDLRAD1;LDLRAD1;LDLRAD1;LDLRAD1;LDLRAD1
cg25032030,VLDLR;VLDLR;VLDLR;VLDLR;VLDLR-AS1
cg03551456,LDLRAD3
cg21400344,LDLRAP1;LDLRAP1
cg24254377,LDLRAD2;HSPG2
cg25733828,VLDLR-AS1;VLDLR;VLDLR
cg20789674,VLDLR;VLDLR;VLDLR-AS1
cg06760973,LDLRAD3;LDLRAD3;LDLRAD3
cg14210634,LDLRAP1
cg27542016,VLDLR;VLDLR;VLDLR;VLDLR;VLDLR-AS1
cg27577933,LDLRAP1
cg08525835,LDLRAD4;LDLRAD4
cg04844207,LDLRAD3
cg02555663,LDLRAD4;LDLRAD4
cg00574196,LDLRAD2
cg16943934,LDLRAD3
cg03944375,LDLRAD2
cg09395844,LDLRAD3
cg11701604,LDLRAD3
cg16421036,LDLRAD3;LDLRAD3;LDLRAD3
cg17037611,LDLRAD3
cg16181467,LDLRAD3;LDLRAD3;LDLRAD3
cg17992670,LDLR
cg17386994,LDLRAD4;LDLRAD4
cg08820956,LDLRAP1
cg22438715,LDLRAD4;LDLRAD4
cg01311805,LDLRAD3
cg05041430,LDLRAD4;LDLRAD4
cg22025064,LDLRAD2
cg17692977,LDLRAD4;LDLRAD4
cg01191824,LDLRAD2
cg25841760,LDLRAD3
cg00915556,LDLRAP1
cg21743867,LDLR
cg13343849,LDLRAD4;LDLRAD4;LDLRAD4;LDLRAD4;LDLRAD4
cg15297642,LDLRAD4;LDLRAD4
cg20132320,LDLRAD4
cg24156949,LDLRAP1
cg04728329,LDLRAD4;LDLRAD4
cg26710371,LDLRAD3
cg00309945,LDLRAD2;HSPG2
cg24624575,VLDLR;VLDLR
cg03976986,LDLRAD4;LDLRAD4
cg03372576,LDLRAD4;LDLRAD4
cg26313301,LDLR
cg11332250,LDLRAD4;LDLRAD4
cg08896423,LDLRAD3;LDLRAD3;LDLRAD3
cg07953402,LDLRAD3;LDLRAD3;LDLRAD3
cg18875924,LDLRAD1;LDLRAD1;LDLRAD1;LDLRAD1;LDLRAD1
cg06170501,LDLR;LDLR;LDLR;LDLR;LDLR
cg27585345,LDLRAD2
cg14851297,LDLRAD3
cg03591594,VLDLR;VLDLR;VLDLR;VLDLR;FLJ35024
cg18613398,LDLRAD4;LDLRAD4
cg15208139,LDLRAD3;LDLRAD3;LDLRAD3
cg11556884,LDLR;LDLR;LDLR;LDLR;LDLR;LDLR;LDLR;LDLR;LDLR;LDLR
cg05914894,LDLRAD3
cg05400075,LDLRAD3
cg20196790,LDLR;LDLR;LDLR;LDLR;LDLR
cg06613452,LDLRAD4;LDLRAD4
cg25957701,LDLRAD4;LDLRAD4
cg24559212,LDLRAD3
cg00164546,LDLRAP1
cg12876142,LDLR;LDLR;LDLR;LDLR;LDLR;LDLR;LDLR;LDLR;LDLR;LDLR
cg14731414,LDLRAD4;LDLRAD4
cg01642730,LDLRAD4
cg20735242,LDLRAD3
cg03988131,LDLRAD4;LDLRAD4
cg18510494,LDLRAP1
cg22971501,LDLR
cg08814944,LDLRAD4
cg04698658,LDLRAD1;LDLRAD1;LDLRAD1;LDLRAD1;LDLRAD1
cg08748036,LDLRAD4;LDLRAD4
cg07960944,LDLR
cg14475857,LDLRAD4;LDLRAD4
cg21876283,LDLRAD2;HSPG2
cg26298950,LDLRAD4;LDLRAD4
cg15373972,LDLR;LDLR;LDLR;LDLR;LDLR
cg21263146,LDLRAD3;LDLRAD3;LDLRAD3
cg08450732,LDLRAP1
cg15987572,LDLRAD2
cg03655775,LDLRAD4;LDLRAD4
cg12939901,LDLRAD2;HSPG2
cg21856963,LDLRAD4;LDLRAD4;LDLRAD4;LDLRAD4;LDLRAD4
cg08550260,LDLRAD1
cg19039146,LDLRAD2;LDLRAD2
cg18792528,LDLRAP1
cg14926083,MIR6886;LDLR;LDLR;LDLR;LDLR;LDLR
cg22434421,LDLRAP1
cg05928695,LDLRAD4;LDLRAD4
cg15748055,LDLRAD4;LDLRAD4;LDLRAD4;LDLRAD4;LDLRAD4
cg01938584,VLDLR-AS1;VLDLR;VLDLR
cg19420817,LDLRAD3;LDLRAD3;LDLRAD3
cg09440520,LDLRAD4-AS1;LDLRAD4;LDLRAD4
cg10201616,LDLR
cg00919002,LDLR
cg24167899,LDLRAD4;LDLRAD4
cg11489192,LDLRAD3;LDLRAD3;LDLRAD3
cg08956232,LDLRAD3;LDLRAD3;LDLRAD3
cg19536761,LDLRAD4;LDLRAD4
cg17684006,LDLRAD3;LDLRAD3;LDLRAD3
cg19657303,LDLRAD4;LDLRAD4
cg23165348,LDLRAD3;LDLRAD3;LDLRAD3
cg26597485,LDLRAD3
cg04169585,LDLRAD4
cg07681487,LDLRAD4;LDLRAD4
cg05789637,LDLRAD2
cg06830981,LDLRAD2
cg11214576,LDLRAP1
cg09910277,LDLRAD3;LDLRAD3;LDLRAD3
cg01588656,LDLRAD3;LDLRAD3;LDLRAD3
cg04289093,LDLRAP1
cg16647139,LDLR;LDLR;LDLR;LDLR;LDLR
cg25209353,LDLRAP1
cg24607755,LDLRAD3
cg06012220,LDLRAD4;LDLRAD4
cg13082991,LDLRAD4;LDLRAD4
cg15760858,LDLRAD2
cg02984184,LDLRAD3
cg20287514,LDLRAP1
cg01260312,LDLRAD4;LDLRAD4
cg01643006,LDLRAD4;LDLRAD4
cg19082678,LDLRAD4;LDLRAD4
cg15399089,LDLRAP1
cg18078693,HSPG2;HSPG2;LDLRAD2;HSPG2;HSPG2
cg10248218,MIR4526;LDLRAD4;LDLRAD4;LDLRAD4;LDLRAD4;LDLRAD4
cg22866480,LDLRAD4;LDLRAD4
cg19063196,LDLRAD4;LDLRAD4
cg19002462,LDLRAD3
cg04131829,LDLRAD4;LDLRAD4;LDLRAD4;LDLRAD4;LDLRAD4
cg15186693,LDLRAD1;LDLRAD1;LDLRAD1;LDLRAD1;LDLRAD1
cg04232209,LDLRAD4
cg05583332,LDLRAD4;LDLRAD4
cg13743731,LDLR
cg24075549,LDLRAD3;LDLRAD3;LDLRAD3
cg13756824,LDLRAD3;LDLRAD3;LDLRAD3
cg11937857,LDLRAD3
cg19305903,LDLR;LDLR;LDLR;LDLR;LDLR
cg09168326,LDLRAD3;LDLRAD3;LDLRAD3
cg05249393,LDLR
cg24775461,LDLRAD3;LDLRAD3;LDLRAD3
cg03637691,LDLR;LDLR;LDLR;LDLR;LDLR
cg15739493,LDLRAD1;LDLRAD1;LDLRAD1;LDLRAD1;LDLRAD1;LDLRAD1;LDLRAD1;LDLRAD1;LDLRAD1
cg09263679,LDLRAD3;LDLRAD3;LDLRAD3
cg11033273,LDLRAD3
cg12100006,LDLRAD3
cg17302948,LDLRAD3;LDLRAD3;LDLRAD3
cg08483713,LDLR;LDLR;LDLR;LDLR;LDLR
cg11392545,LDLRAD1;LDLRAD1;LDLRAD1;LDLRAD1;LDLRAD1
cg11722704,LDLRAD4;LDLRAD4
cg08728128,LDLRAD4;LDLRAD4
cg03205750,LDLRAD4;LDLRAD4
cg07411449,LDLR;LDLR;LDLR;LDLR;LDLR;LDLR;LDLR;LDLR;LDLR
cg03474734,LDLRAD3;LDLRAD3;LDLRAD3
cg06359931,LDLRAP1
cg24553728,LDLRAP1
cg05915294,LDLRAD3
cg25500027,LDLRAD2
cg14229673,LDLRAD4;LDLRAD4
cg09057569,LDLRAD4;LDLRAD4
cg24319206,LDLRAD4
cg22640305,LDLRAD4;LDLRAD4;LDLRAD4;LDLRAD4;LDLRAD4;LDLRAD4;LDLRAD4
cg22808547,LDLR;LDLR;LDLR;LDLR;LDLR
cg19657157,LDLRAD4;LDLRAD4
cg09587365,LDLRAD4
cg22506563,LDLRAD4;LDLRAD4
cg17065852,LDLRAD2
cg10640764,LDLR
cg12273502,LDLRAD4;LDLRAD4;LDLRAD4;MIR4526;LDLRAD4;LDLRAD4
cg17876463,LDLRAP1
cg11426878,LDLRAD3;LDLRAD3;LDLRAD3
cg14044695,LDLRAD4;LDLRAD4
cg13038671,LDLRAD3;LDLRAD3;LDLRAD3
cg05523047,VLDLR;VLDLR;FLJ35024
cg06180729,LDLRAD3
cg12689561,LDLRAD3;LDLRAD3;LDLRAD3
cg04226375,LDLRAD1
cg10176185,LDLRAP1
cg07413140,LDLRAP1
cg06824757,VLDLR-AS1;VLDLR;VLDLR
cg16602871,LDLRAD4;LDLRAD4;LDLRAD4;LDLRAD4;LDLRAD4
cg17191650,LDLRAD4;LDLRAD4
cg09895876,LDLRAD4;LDLRAD4;LDLRAD4;MIR4526;LDLRAD4;LDLRAD4
cg02790379,LDLRAD2
cg10452363,LDLRAD4;LDLRAD4
cg07311538,LDLRAD4;LDLRAD4
cg05549304,LDLRAD4
cg06395634,LDLRAP1
cg12902721,LDLRAD4;LDLRAD4
cg09880665,LDLRAD3
cg27538957,LDLRAD4;LDLRAD4;LDLRAD4;LDLRAD4;LDLRAD4
cg10867751,LDLRAP1
cg24994593,LDLRAD3
cg03587144,LDLRAD3;LDLRAD3;LDLRAD3
cg14222964,LDLRAD3
cg00520058,VLDLR-AS1
cg25741118,LDLRAD1
cg15948836,LDLRAD3
cg14130238,LDLRAD4;LDLRAD4
cg21195290,VLDLR;VLDLR;FLJ35024
cg13673023,FLJ35024;VLDLR;VLDLR
cg26745882,LDLRAD4;LDLRAD4
cg01337100,LDLRAD4
cg23837868,LDLRAD4;LDLRAD4
cg06229347,LDLRAP1
cg21088542,LDLRAD3
cg21391861,LDLRAD3;LDLRAD3;LDLRAD3
cg15627993,LDLRAD4;LDLRAD4;LDLRAD4;LDLRAD4;LDLRAD4
cg14180029,LDLRAD3
cg16878144,LDLRAD4;LDLRAD4;LDLRAD4;LDLRAD4;LDLRAD4;LDLRAD4
cg12008112,LDLRAD4;LDLRAD4
cg19954357,LDLRAD4;LDLRAD4
cg14294240,VLDLR;VLDLR
cg07552130,LDLRAD4
cg06932104,LDLRAD4;LDLRAD4
cg08458218,LDLRAD4;LDLRAD4
cg19941358,LDLRAD3;LDLRAD3;LDLRAD3
cg02630186,LDLR;LDLR;LDLR;LDLR;LDLR
cg24413550,LDLRAD4;LDLRAD4
cg09032957,LDLRAD4;LDLRAD4
cg23786749,VLDLR-AS1
cg22593668,LDLRAD4;LDLRAD4
cg18033728,LDLRAD4;LDLRAD4
cg13094889,VLDLR-AS1;VLDLR;VLDLR
cg00333617,LDLRAD4;LDLRAD4
cg02292342,LDLRAD4;LDLRAD4;LDLRAD4;MIR4526;LDLRAD4;LDLRAD4
cg07512814,LDLR
cg24938296,LDLRAD1
cg25393713,LDLRAD4;LDLRAD4
cg19988316,LDLRAD3
cg21574691,LDLRAD4;LDLRAD4
cg25645028,LDLRAD4;LDLRAD4
cg26954156,LDLRAD2
cg19751789,LDLR
cg06378441,LDLRAD4;LDLRAD4;LDLRAD4;LDLRAD4;LDLRAD4;LDLRAD4
cg06810117,LDLRAD4;LDLRAD4
cg20458124,LDLRAP1
cg19759804,LDLRAP1
cg25713243,LDLRAD4;LDLRAD4
cg10082110,LDLRAD4;LDLRAD4
cg09466913,LDLRAD4;LDLRAD4
cg05750447,LDLRAD3;LDLRAD3;LDLRAD3
cg16619849,LDLRAD4;LDLRAD4
cg19122723,LDLRAD4;LDLRAD4;LDLRAD4;LDLRAD4;LDLRAD4
cg10737898,LDLRAD2
cg12152338,LDLRAD3
cg09082852,LDLRAD3
cg17537241,LDLRAD4;LDLRAD4
cg05130500,LDLRAD4;LDLRAD4
cg25654154,LDLRAD3;LDLRAD3;LDLRAD3
cg25211941,LDLRAD4;LDLRAD4
cg17357577,LDLRAD4
cg10114358,LDLRAD3;LDLRAD3;LDLRAD3
cg24131071,LDLRAD4;LDLRAD4
cg11849708,LDLRAD2
cg16447839,LDLRAD4;LDLRAD4
cg02034937,LDLRAD4;LDLRAD4;LDLRAD4;LDLRAD4
cg03667292,VLDLR-AS1
cg00157043,LDLRAD3
cg02544752,LDLRAD4;LDLRAD4
cg24995673,LDLRAD4;LDLRAD4
cg17877110,MIR3973;LDLRAD3;LDLRAD3;LDLRAD3
cg13924510,LDLRAD3
cg19550733,LDLRAP1
cg26112909,LDLRAD2;HSPG2
cg02885454,LDLRAD4;LDLRAD4
cg01903191,LDLRAD4
cg15303237,LDLRAD3;LDLRAD3;LDLRAD3
cg13404814,LDLR;LDLR;LDLR;LDLR;LDLR
cg21247888,LDLRAP1
cg26177855,VLDLR-AS1
cg10514476,LDLRAD4;LDLRAD4;LDLRAD4;LDLRAD4;LDLRAD4;LDLRAD4
cg03794784,LDLRAD3;LDLRAD3;LDLRAD3
cg04689720,FLJ35024;VLDLR;VLDLR
cg18706960,LDLRAD4;LDLRAD4
cg11174848,LDLR;LDLR;LDLR;LDLR;LDLR
cg09678367,LDLRAP1
cg06094762,LDLRAD3;LDLRAD3;LDLRAD3
cg04344749,LDLRAP1
cg12292578,LDLRAD3;LDLRAD3;LDLRAD3
cg02006119,LDLRAD4;LDLRAD4
cg15708733,LDLRAD4;LDLRAD4
cg22258768,LDLRAD4;LDLRAD4;LDLRAD4;LDLRAD4;LDLRAD4
cg14250455,LDLRAD4;LDLRAD4
cg26685187,LDLRAD2
cg18774001,LDLRAD4;LDLRAD4
cg09602451,LDLRAD4;LDLRAD4
cg14595291,LDLRAD3;LDLRAD3;LDLRAD3
cg25772938,LDLRAD4;LDLRAD4
cg07774533,LDLRAD3;LDLRAD3;LDLRAD3
cg09175620,LDLRAD1
cg15380099,LDLRAD4;LDLRAD4
cg24719106,VLDLR-AS1
cg00592936,LDLRAD4
cg12387754,LDLRAD3;LDLRAD3;LDLRAD3
cg04583074,LDLRAD3
cg17938601,LDLRAD4;LDLRAD4
cg23943360,LDLR;LDLR
cg03567652,LDLR
cg16956773,LDLRAD4;LDLRAD4
cg04858960,LDLRAD1
cg20983625,LDLRAD4;LDLRAD4
cg21068078,LDLRAD4;LDLRAD4
cg06829293,LDLR
cg26849535,LDLR;LDLR;LDLR;LDLR;LDLR
cg24378503,VLDLR-AS1
cg16373456,LDLRAD3
cg04891802,LDLRAD4;LDLRAD4;LDLRAD4;LDLRAD4;LDLRAD4
cg13297582,LDLRAD4;LDLRAD4
cg16613349,LDLRAP1
cg17296588,LDLRAD3
cg00122927,LDLRAD4
cg15108490,LDLRAD3
cg26113278,LDLRAD1
cg21295729,LDLRAD4;LDLRAD4
cg14464829,LDLRAD3;LDLRAD3;LDLRAD3
cg22576658,LDLR;LDLR;LDLR;LDLR;LDLR
cg03422740,LDLRAD4;LDLRAD4
cg03422190,LDLRAD3;LDLRAD3;LDLRAD3
cg13652766,LDLRAD4;LDLRAD4
cg24590726,LDLRAD4;LDLRAD4
cg00818035,LDLRAD4;LDLRAD4;LDLRAD4;LDLRAD4;LDLRAD4
cg17531411,LDLRAD1;LDLRAD1;LDLRAD1;LDLRAD1;LDLRAD1
cg26973848,LDLRAD4;LDLRAD4
cg19957212,LDLRAP1
cg27228463,LDLRAD3;LDLRAD3;LDLRAD3
cg20515736,LDLRAD3;LDLRAD3;LDLRAD3
cg22109433,LDLRAD4;LDLRAD4
cg12028458,LDLRAP1
cg07962298,LDLRAD4;LDLRAD4
cg07624040,LDLRAD4
cg23145896,LDLRAD4;LDLRAD4
cg11086843,LDLRAD4;LDLRAD4;LDLRAD4;LDLRAD4;LDLRAD4
cg04763150,LDLRAD4;LDLRAD4;LDLRAD4;LDLRAD4;LDLRAD4;LDLRAD4
cg10116458,LDLRAD4;LDLRAD4
cg18113414,LDLRAD4;LDLRAD4
cg03308705,LDLRAD4;LDLRAD4
cg15981195,FLJ35024;VLDLR;VLDLR
cg01922211,LDLRAD4;LDLRAD4
cg13661059,LDLRAD4
cg01099834,LDLRAD3;LDLRAD3;LDLRAD3
cg13525870,LDLRAD3;LDLRAD3;LDLRAD3
cg07195078,LDLRAD4
cg11942737,LDLRAP1
cg15886966,LDLRAD3
cg13123055,LDLRAD3;LDLRAD3;LDLRAD3
cg06311185,LDLRAD3;LDLRAD3;LDLRAD3
cg18511326,LDLRAD4;LDLRAD4
cg08282882,LDLRAD4;LDLRAD4
cg17556976,LDLRAD4
cg15314327,LDLRAD4;LDLRAD4
cg16563865,LDLRAD3;LDLRAD3;LDLRAD3
cg22378492,LDLR;LDLR;LDLR;LDLR;LDLR
cg09694565,LDLRAD4;LDLRAD4
cg02800280,LDLRAD3;LDLRAD3;LDLRAD3
cg22006489,LDLR;LDLR;LDLR;LDLR;LDLR
cg21480714,LDLRAD3;LDLRAD3;LDLRAD3
cg24237115,LDLRAP1
cg14636451,LDLRAD4;LDLRAD4
cg16195615,LDLRAD4;LDLRAD4
cg09771429,LDLRAD1
cg24656207,LDLRAD3
cg17489243,VLDLR-AS1
cg18590106,LDLRAD4;LDLRAD4;LDLRAD4;LDLRAD4;LDLRAD4
cg27141252,LDLRAD3;LDLRAD3;LDLRAD3
cg12968685,LDLRAD3
cg22732167,LDLRAD4;LDLRAD4
cg04065347,LDLRAD1
cg24654177,LIPC
cg00870269,LIPC
cg09610311,LIPC
cg00077281,LIPC
cg23889301,LIPC
cg07695305,LIPC
cg07020025,LIPC
cg03304706,LIPC
cg15827771,LIPC
cg25897452,LIPC
cg15190760,LIPC;LIPC
cg24848787,LIPC
cg01733599,LIPC
cg20716174,LIPC
cg14449059,LIPC
cg02952984,LIPC
cg23687320,LIPC
cg24132163,LOC101928694;LIPC
cg05337681,LIPC
cg01359122,LOC101928694;LIPC
cg00234200,LIPC
cg04569915,LOC101928694;LIPC
cg24904958,LIPC
cg22663660,LIPC
cg00737506,LOC101928694;LIPC
cg15761231,LOC101928694;LIPC
cg00667201,LIPC
cg12169532,LOC101928694;LIPC
cg21674010,LIPC
cg12581682,LIPC
cg22581882,LIPC
cg15418935,LOC101928694;LIPC
cg01218078,LIPC
cg17890913,LOC101928694;LIPC
cg06321989,LIPC
cg07680037,LIPC
cg14460485,LIPC
cg21314885,LIPC
cg23787755,LIPC
cg02744046,LIPC
cg03029090,LIPC
cg01104393,LOC101928694;LIPC
cg20964263,LIPC
cg27307975,LIPC
cg04660533,LOC101928694;LIPC
cg10067950,LOC101928694;LIPC
cg20968717,LIPC
cg17562163,LOC101928694;LIPC
cg21681868,LOC101928694;LIPC
cg12425787,LIPC
cg14488205,LIPC
cg16391792,LIPC
cg07783102,LOC101928694;LIPC
cg09280213,LOC101928694;LIPC
cg09477541,LIPC
cg08983517,LIPC
cg11716850,LOC101928694;LIPC
cg08441822,LIPC
cg07292968,LIPC
cg05284697,LOC101928694;LIPC
cg10081410,LIPC
cg22464785,LIPC
cg15072309,LOC101928694;LIPC
cg07618330,LOC101928694;LIPC
cg09971674,LIPC
cg01354739,LIPC
cg07142010,ALPL;ALPL
cg00159243,SELPLG
cg05364759,ALPL;ALPL
cg09139956,RILPL2
cg22506534,ALPL;ALPL
cg13554489,ALPL
cg07162257,ALPL
cg06346857,ALPL;ALPL
cg18236421,ALPL
cg22154616,ALPL
cg14975184,RILPL1
cg16420199,LPL
cg14741474,SELPLG;SELPLG
cg22871962,RILPL2;RILPL2
cg13377965,ALPL
cg25067077,RILPL2;RILPL2
cg12047425,ALPL;ALPL
cg18015746,LPL
cg25602692,RILPL1
cg13524819,RILPL2;RILPL2
cg11148581,RILPL1
cg21618040,RILPL2
cg04475037,RILPL1
cg12062270,ALPL;ALPL
cg25104558,ALPL;ALPL;ALPL
cg14353539,ALPL;ALPL;ALPL
cg02571819,RILPL1
cg09859596,ALPL
cg10690434,ALPL;ALPL;ALPL
cg08644730,RILPL1
cg26289317,LPL
cg11133623,ALPL;ALPL;ALPL
cg02270776,RILPL1
cg19192652,ALPL;ALPL;ALPL
cg18603577,RILPL2
cg07274522,RILPL1
cg16270485,ALPL;ALPL
cg09694527,RILPL2
cg00823789,RILPL1
cg23825057,RILPL1
cg12564406,SELPLG;SELPLG
cg23243690,SELPLG;SELPLG
cg10721066,SELPLG;MIR4496
cg12629632,LPL;LPL
cg13320318,LPL
cg01863337,ALPL;ALPL;ALPL
cg09035806,RILPL1
cg14195027,ALPL;ALPL;ALPL
cg00247616,RILPL1
cg16997101,ALPL;ALPL;ALPL
cg06369076,ALPL
cg18758130,SELPLG;SELPLG
cg20435463,LPL
cg08124288,LPL;LPL
cg14413134,RILPL1
cg08727996,ALPL;ALPL
cg12636432,ALPL;ALPL;ALPL
cg00471141,LPL
cg05861255,RILPL2
cg17460104,ALPL;ALPL;ALPL
cg26322535,ALPL;ALPL;ALPL
cg08072584,ALPL;ALPL;ALPL
cg24497819,SELPLG
cg01037895,ALPL;ALPL
cg05202597,ALPL;ALPL;ALPL
cg07072366,LPL
cg12942690,RILPL1
cg10147298,SELPLG;SELPLG
cg17015803,ALPL
cg18789685,ALPL
cg08920586,RILPL1
cg14017215,ALPL;ALPL;ALPL
cg19906192,RILPL1
cg17725163,ALPL;ALPL;ALPL
cg27065554,ALPL;ALPL;ALPL
cg12650305,RILPL1
cg24232693,LPL
cg22770861,RILPL1;SNRNP35
cg09155444,LPL;LPL
cg22460923,ALPL;ALPL;ALPL
cg07701786,RILPL1
cg06035250,ALPL
cg16510041,ALPL;ALPL;ALPL
cg24307341,ALPL;ALPL
cg07462235,LPL
cg04265951,LPL
cg08174206,SELPLG;SELPLG
cg04993815,RILPL1
cg24722348,ALPL;ALPL
cg08418224,LPL;LPL
cg17647951,RILPL1
cg12466599,ALPL;ALPL
cg02011275,RILPL1
cg27417718,RILPL1
cg15212266,ALPL;ALPL
cg02520593,SELPLG
cg07263235,LPL
cg23352747,ALPL
cg27429364,ALPL;ALPL;ALPL
cg12072290,RILPL1
cg11896266,ALPL;ALPL;ALPL
cg10889825,ALPL
cg09593845,LPL
cg10514830,ALPL;ALPL;ALPL
cg19741231,RILPL1
cg05968312,RILPL2;RILPL2
cg13910844,SELPLG;SELPLG
cg08116092,RILPL2;RILPL2
cg04649769,LPL
cg14781605,ALPL
cg09826288,ALPL;ALPL;ALPL
cg01954353,RILPL2;RILPL2
cg03213775,ALPL
cg20645065,ALPL
cg16743457,SELPLG;SELPLG
cg01827190,ALPL;ALPL;ALPL
cg02529111,ALPL;ALPL;ALPL
cg19967582,RILPL2
cg22943875,ALPL;ALPL
cg02946675,RILPL1;SNRNP35
cg24848840,ALPL;ALPL;ALPL
cg06735585,ALPL;ALPL;ALPL
cg14086122,RILPL2
cg06890152,LPL
cg14444313,ALPL;ALPL;ALPL
cg17291826,SELPLG
cg13337658,LPL
cg12210272,RILPL2;RILPL2
cg08077981,SELPLG;SELPLG
cg08732579,RILPL1
cg16274894,ALPL;ALPL;ALPL
cg21668776,RILPL1
cg12971325,SELPLG
cg24560259,ALPL;ALPL;ALPL
cg25085578,SELPLG;SELPLG
cg22108175,LPL;LPL
cg13530105,LPL
cg16125291,LPL
cg04781075,RILPL2
cg22328644,SELPLG
cg20599295,RILPL1
cg21618017,RILPL1
cg11772651,RILPL1
cg06338290,SELPLG
cg03494010,RILPL1
cg16448126,RILPL2
cg24398450,SELPLG
cg06177794,LPL
cg25165932,SELPLG
cg02239677,ALPL;ALPL;ALPL
cg09801687,ALPL
cg01290088,SELPLG;SELPLG
cg21089993,SELPLG;SELPLG
cg23087653,NLRP3;NLRP3;NLRP3;NLRP3;NLRP3;NLRP3;NLRP3;NLRP3;NLRP3;NLRP3
cg16825211,LRP1
cg13922681,LRP3
cg15389589,LRP1
cg07985116,LRP5
cg18016138,NLRP6
cg10359931,LRPAP1
cg17178966,LRP6
cg18202502,LRP8;LRP8;LRP8;LRP8
cg23743606,NLRP6
cg19633353,LRPAP1
cg25423146,LRP6
cg06963648,LRP10
cg24789434,LRPAP1
cg08253494,LRP3
cg12712270,LRPAP1
cg01316047,LRP3
cg21572997,LRP5
cg04265051,LRP5
cg17472823,LRP4
cg06989074,LRP5
cg12146864,LRP1
cg18606700,LRP5L;LRP5L;LRP5L
cg07209141,LRP5
cg00785652,LRP1B
cg14799114,LRP1;LRP1
cg06531661,LRP1
cg01852095,LRP1B
cg16565635,LRPAP1;LRPAP1
cg09749862,LRP1
cg27155168,LRP5
cg24904278,LRPAP1
cg25435338,LRP5
cg01475008,LRP5
cg06210783,LRP5
cg09150519,LRP1
cg26484916,NLRP7;NLRP7;NLRP7
cg07807409,LRP11
cg19864539,LRP5L;LRP5L
cg01298004,LRPAP1
cg16566899,LRP1
cg02519772,LRP1
cg14839905,LRP5
cg12874548,LOC105378732;LRP8;LRP8;LRP8;LRP8
cg25655251,LRPAP1
cg03829973,LRP1
cg13738327,LRP5
cg22933337,LOC105378732;LRP8;LRP8;LRP8;LRP8
cg01666550,LRP5
cg05971912,LRP11
cg09834205,LRP11;LRP11
cg15238467,LRP1
cg05660179,LRP2
cg19107904,LRP1-AS;LRP1-AS;LRP1
cg17642736,LRP2
cg18538821,LRP6;LRP6
cg17400609,LRP5
cg13549321,LRP3
cg09261182,LRP8;LRP8;LRP8;LRP8
cg25083496,LRP11
cg13146674,LRP5
cg02672254,LRP11;LRP11;RAET1E-AS1
cg04346415,ZNF214;NLRP14
cg06049295,LRPAP1
cg17441401,LRP8;LRP8;LRP8;LRP8
cg09371047,ZNF214;NLRP14
cg23665080,NLRP4
cg15137369,LRP12;LRP12
cg10968958,NLRP2
cg05984508,LRP5
cg24728180,LRP5
cg00726174,LRP2
cg15385197,LRP5
cg16606123,LRP1
cg12832726,LRP5
cg23411728,LRP10;LRP10
cg25166820,LRP5
cg10276227,LRP3
cg20024953,LRP1
cg26247295,LRPAP1
cg11155414,LRP10
cg13038544,LRP1;MIR1228
cg01329010,LRP2
cg17706124,LRPAP1
cg09292875,LRP10
cg06200514,NLRP14
cg03668470,LRP1;MIR1228
cg25315148,LRP1
cg05369920,LRPPRC
cg27426151,LRP5
cg03897412,LRP1
cg08357827,LRPAP1;LRPAP1
cg07572949,NLRP10
cg10774480,LRP5
cg16784566,LRPAP1
cg14245804,LRP5
cg16540738,NLRP1;NLRP1;NLRP1;NLRP1;NLRP1
cg24307499,NLRP2
cg00603435,LRP1B
cg27099991,NLRP2
cg20803849,LRP5
cg01131289,LRP5L;LRP5L
cg12467960,LRP5
cg20278269,LRP5
cg15920131,LRP1
cg17606496,LRP3
cg01400477,LRP2
cg08846272,NLRP13
cg23731687,LRP1
cg13645481,NLRP4
cg07281948,LRP1
cg05977230,LRP5
cg16560627,NLRP10
cg22337438,NLRP12;NLRP12
cg02614683,LRP5
cg25664021,LRP1
cg24170511,LRP10;LRP10
cg16521032,MIR1228;LRP1
cg19827599,LRPAP1
cg13093842,NLRP2;NLRP2;NLRP2;NLRP2
cg02606728,LRP5
cg23523534,NLRP11;NLRP4;NLRP11
cg11679142,ZNF214;NLRP14
cg17651317,LRP5
cg23062006,LRP4
cg21913159,LRP1;MIR1228
cg20160565,LRP8;LRP8;LRP8;LRP8
cg20669266,LRP5
cg14780795,LRP3
cg20206129,LRP11
cg07955126,LRPAP1
cg13544195,LRP1
cg24040502,NLRP2;NLRP2
cg01675814,LRP12;LRP12
cg16414472,LRP5
cg27101654,LRP5
cg04997812,ZNF214;NLRP14
cg14887886,LRP5L;LRP5L
cg13477548,LRP1
cg23528723,LRPAP1;LRPAP1
cg24107728,LRP8;LRP8;LRP8;LRP8
cg10155695,NLRP3;NLRP3;NLRP3;NLRP3;NLRP3;NLRP3;NLRP3;NLRP3;NLRP3;NLRP3
cg11350158,LRP1B
cg06276865,LRP8;LRP8;LRP8;LRP8;LRP8;LRP8;LRP8;LRP8;LOC105378732
cg11390398,LRP6
cg05754939,LRP5
cg05825928,LRP5
cg04413895,LRP12;LRP12
cg26401028,LRPAP1
cg15660352,NLRP4
cg14707803,LRP8;LRP8;LRP8;LRP8;LOC105378732
cg05883874,ZNF214;NLRP14
cg13425888,NLRP2
cg06655771,LRP6
cg21009935,LRP5
cg07992044,LRP5
cg00464927,LRP5
cg24026549,LRPAP1;LRPAP1
cg17583733,LRPAP1
cg17891444,LRP8;LRP8;LRP8;LRP8
cg14163061,LRPPRC
cg14398899,LRP1;LRP1
cg12884141,LRP5
cg16612998,LRP4
cg27419119,LRP1
cg08517286,LRP12;LRP12
cg20892743,LRP5
cg18477429,LRP1
cg12837057,LRP11
cg05943813,LRP1
cg04190618,LRP4
cg22890737,LRPAP1
cg09226051,NLRP3;NLRP3;NLRP3;NLRP3;NLRP3
cg21702971,LRP1;MIR1228
cg01717586,NLRP2;NLRP2;NLRP2;NLRP2
cg18031326,LRP5
cg10407935,LRPAP1
cg11182199,LRP11
cg03401324,LRP11
cg01753966,LRPAP1
cg00405356,LRP3
cg11422335,NLRP3;NLRP3;NLRP3;NLRP3;NLRP3
cg16361840,LRPAP1
cg08369295,LRP5L;LRP5L
cg07310318,LRP11
cg17970341,LRP5
cg15226248,LRPAP1
cg06107670,LRP8;LRP8;LRP8;LRP8;LOC105378732
cg08297640,LRPAP1
cg20443778,LRP1B
cg27281030,NLRP12;NLRP12
cg14621254,LRP1
cg11878867,LRP11
cg26534856,LRPPRC
cg10771851,LRP5
cg23949925,LRP5
cg05221544,LRP11;LRP11
cg13667464,LRP3
cg22235417,ZNF214;NLRP14
cg05225089,LRP1
cg03366858,LRP8;LRP8;LRP8;LRP8
cg18793688,NLRP3;NLRP3;NLRP3;NLRP3;NLRP3
cg08356705,LRP5
cg08580631,LRP2
cg07758428,LRP5
cg10644647,LRP12;LRP12
cg03100593,NLRP2;NLRP2;NLRP2;NLRP2
cg26309566,LRP5
cg20598296,NLRP1;NLRP1;NLRP1;NLRP1;NLRP1
cg25369025,NLRP4
cg22799110,LRP5
cg02471658,NLRP6
cg27002325,LRP5
cg16574420,LRP8;LRP8;LRP8;LRP8
cg26434386,LRP1B
cg25602756,NLRP3;NLRP3;NLRP3;NLRP3;NLRP3
cg03182945,LRP8;LRP8;LRP8;LRP8
cg23271248,LRP1B
cg00498219,LRP1B
cg26723455,LRP1;LRP1
cg15664504,LRP1B
cg20712054,LRP3
cg25890936,LRP5
cg10961061,LRP6
cg11828470,NLRP1;NLRP1;NLRP1;NLRP1;NLRP1
cg25611627,LRP2
cg10926246,LRP2
cg26678313,LRP1
cg19225848,LRP3
cg25939213,LRP10
cg24944092,LRP6
cg25730098,NLRP11;NLRP4
cg17760849,NLRP2
cg07036465,LRP6
cg01913049,LRP5;LRP5
cg17986647,LRP1B
cg18678599,NLRP3;NLRP3;NLRP3;NLRP3;NLRP3;NLRP3;NLRP3;NLRP3;NLRP3;NLRP3
cg06432119,NLRP6
cg04935522,LRP8;LRP8;LRP8;LRP8
cg26844774,LRP2
cg24459199,LRPPRC;LRPPRC
cg03505654,NLRP3;NLRP3
cg22033918,LRP1B
cg17482368,LRP3
cg26561413,NLRP1;NLRP1;NLRP1;NLRP1;NLRP1
cg09840824,LRP1
cg24109739,LRP5
cg09024008,LRP1
cg21559944,LOC728392;NLRP1
cg18663513,LRP8;LRP8;LRP8;LRP8
cg04857395,LRPAP1
cg08472008,LRPAP1
cg25983023,NLRP12;NLRP12;NLRP12
cg16700004,LRPAP1
cg23544286,RAET1E-AS1;LRP11
cg02913946,LRP4
cg05092905,LRPAP1;LRPAP1
cg00355992,ZNF214;NLRP14;ZNF214
cg16511795,LRPAP1
cg27066296,LRP5
cg18065542,LRP5;LRP5
cg20742865,LRP1;LRP1-AS
cg17081625,LRP8;LRP8;LRP8;LRP8
cg12069468,LRP1
cg19845720,LILRP2
cg06076153,NLRP13
cg00531092,NLRP1;NLRP1;NLRP1;NLRP1;NLRP1
cg18440777,LRP5
cg01296603,LRP8;LRP8;LRP8;LRP8
cg02627751,LRP10
cg16185840,NLRP11;NLRP4
cg14282998,LRP6
cg00125389,LRP1B
cg09578155,LRP5
cg09164715,LRP5L
cg10989175,MIR1228;LRP1
cg22479180,LRP11;RAET1E-AS1
cg12289926,LRP5
cg25651476,NLRP2
cg16012769,LILRP2
cg08961832,NLRP6
cg02936755,LRP5L
cg24049590,LRP1B
cg01612300,LRP1B
cg05927401,NLRP12;NLRP12;NLRP12
cg17003694,NLRP1;NLRP1;NLRP1;NLRP1;NLRP1
cg10233454,LRP1
cg23384863,LRPPRC
cg00987937,LRP1B
cg03019033,LRP2
cg27068965,LRP5
cg10904028,LRP1
cg17386047,NLRP6;NLRP6
cg13618478,NLRP5;NLRP5
cg04840942,LRP5;LRP5
cg01423811,LRP1B
cg00213119,LRPAP1
cg15829423,LRP5
cg24558194,NLRP5
cg05715893,LRP1B
cg21321039,LRPAP1
cg21808470,LRP5L;LRP5L;LRP5L
cg21752583,LRPAP1
cg16377117,LRP1
cg18160691,LRP5
cg21609024,LRP8;LRP8;LRP8;LRP8
cg19096034,LRPAP1
cg00407820,LRP11
cg04887076,NLRP2
cg26191586,LRP8;LRP8;LRP8;LRP8
cg07158055,LRP5L;LRP5L
cg12895546,LRP5
cg08699270,LRP1
cg26351481,NLRP8
cg02891914,LRP5L
cg21325862,NLRP7;NLRP7;NLRP7
cg15122536,LRP5;LRP5
cg21305315,LRPAP1
cg24226947,LRP5;LRP5
cg03862226,LRP1
cg04205432,LRP12;LRP12
cg06487775,NLRP3;NLRP3;NLRP3;NLRP3;NLRP3;NLRP3
cg22830273,LRP1B
cg07018647,NLRP7;NLRP7;NLRP7
cg04179000,LRP10
cg15081929,NLRP3;NLRP3;NLRP3;NLRP3;NLRP3;NLRP3
cg11427928,LRPPRC
cg13894813,LRP5
cg26471419,LRP12;LRP12
cg19885130,LRP5;LRP5
cg22869239,LRP6
cg11223669,LRP5;LRP5
cg10363538,LRP1B
cg08435516,CKAP5;CKAP5;LRP4-AS1
cg19025224,LRP1
cg19916543,LRP10
cg01424997,NLRP13
cg19060895,NLRP1;NLRP1;NLRP1;NLRP1;NLRP1
cg18778097,NLRP7;NLRP7;NLRP7
cg18317251,LRP1B
cg05253116,LRP1B
cg01253534,LRP2;LRP2
cg16797656,LRP5
cg23985930,NLRP5
cg02011476,LRP5
cg22867063,ZNF214;NLRP14;ZNF214
cg19514045,LRP11;RAET1E-AS1
cg16672270,LRP12;LRP12
cg24453898,LRP6
cg00186849,LRP1B
cg25380755,LRP5
cg21288091,LRP12;LRP12
cg18484189,NLRP10
cg03770907,NLRP13
cg06710101,NLRP3;NLRP3;NLRP3;NLRP3;NLRP3
cg18446140,LRP1B
cg19745317,LRP8;LRP8;LRP8;LRP8
cg18142353,LRP6
cg19383121,LRP3
cg20037905,NLRP5
cg02541565,LRP4
cg23852415,LRP11
cg01324212,LRPAP1
cg06673515,LRP5L;LRP5L
cg19273454,LILRP2
cg00448525,NLRP3;NLRP3;NLRP3;NLRP3;NLRP3;NLRP3;NLRP3;NLRP3;NLRP3;NLRP3
cg27211295,NLRP2;NLRP2;NLRP2;NLRP2
cg02925222,NLRP6
cg02891082,LRP5
cg13090548,LRP5;LRP5
cg14979718,NLRP1;NLRP1;NLRP1;NLRP1;NLRP1;NLRP1;NLRP1;NLRP1;NLRP1;NLRP1
cg11632886,LRP5L;LRP5L
cg15544765,LRP1B
cg26538116,LRPPRC
cg18155699,LRP5;LRP5
cg25046129,LRP2BP
cg00397306,NLRP9
cg09518195,LRP5
cg16793775,NLRP8
cg05491848,LRP1
cg02131399,LRP1
cg24638722,LRP12;LRP12
cg26545307,LRP1B
cg16429063,LRP8;LRP8;LRP8;LRP8
cg15986392,LRP8;LRP8;LRP8;LRP8
cg26525861,LRP5
cg08913262,LRP11
cg08452334,LRP1B
cg22581350,LRP6
cg27011534,LRPPRC
cg27032353,LRP10
cg19969988,NLRP6;NLRP6
cg16711069,LRP1B
cg01599539,LRP10
cg13436799,LRP2;LRP2
cg21166622,LRP4
cg11403874,LRP2
cg17478193,LRP2
cg03997071,LRP5L;LRP5L
cg16961397,LRP2
cg22443982,NLRP14;ZNF214;NLRP14
cg08757348,ZNF214;NLRP14;ZNF214
cg16224796,LRP5L;LRP5L
cg25781963,LRP5
cg21865716,LRP8;LRP8;LRP8;LRP8
cg09221616,LRP5;LRP5
cg12655061,LRP6
cg07993003,NLRP7;NLRP7;NLRP7
cg20937136,NLRP1;NLRP1;NLRP1;NLRP1;NLRP1
cg06969777,LRP5
cg13666358,LRP8;LRP8;LRP8;LRP8
cg24538967,LRP5
cg16192052,LRP5
cg25554917,LRP2
cg25071787,LRP5;LRP5
cg19956606,LRPAP1
cg13044027,LRPAP1
cg26690474,LRP8;LRP8;LRP8;LRP8
cg05689209,LRP10
cg15262336,LRPPRC
cg27258214,LRPAP1
cg10028983,LRP5
cg24099391,LRP1B
cg03624610,LRP1
cg17198658,LRP5
cg07188096,LRP2
cg08648997,LRP5
cg04298591,LRP5;LRP5
cg24415154,LRP1
cg14055153,LRP1B
cg20846962,NLRP11;NLRP11
cg13751923,LRP5L;LRP5L
cg04109278,LRP1;LRP1
cg04655655,LRP1B
cg22642477,NLRP1;NLRP1;NLRP1;NLRP1;NLRP1
cg13713155,LRPAP1
cg04458023,LRP1B
cg24348448,NLRP2
cg12456269,LRP1B
cg22331032,NLRP6
cg26752679,LRP1B
cg04688889,LRP1
cg01822532,LRP5
cg03366937,LRP5;LRP5
cg05477480,LRP12;LRP12
cg08127021,LRP5
cg14571622,NLRP8
cg08475088,NLRP9
cg00046744,LRP6
cg26847109,LRP1B
cg25429092,LRP1B
cg07655598,NLRP14;ZNF214;NLRP14
cg23779993,LRP5
cg23972551,LRP5
cg10254064,LRP11
cg03252605,LRP1B
cg02705455,LRP2
cg17242613,LRP1-AS;LRP1-AS;LRP1
cg11304207,LRP8;LRP8;LRP8;LRP8
cg01489508,LRP6
cg17413870,LRP1B
cg01772033,NLRP1;NLRP1;NLRP1;NLRP1;NLRP1
cg17328451,LRP2BP;LRP2BP
cg18122528,LRP1B
cg16389578,NLRP3;NLRP3;NLRP3;NLRP3;NLRP3;NLRP3
cg02793948,LRP5
cg09827071,LRP1
cg24843822,LRP8;LRP8;LRP8;LRP8
cg10345289,LRP2;LRP2
cg08026618,LRP1B;LRP1B
cg02311960,LRP1B
cg09174717,LRP1B
cg13953532,NLRP4
cg22659267,LRPAP1
cg12890768,LRP8;LRP8;LRP8;LRP8
cg08858793,LRP8;LRP8;LRP8;LRP8
cg07811212,LRP1B;LRP1B
cg27278032,LRP6
cg14490844,NLRP5
cg14852552,LRP5L;LRP5L
cg03251378,NLRP2;NLRP2;NLRP2;NLRP2
cg15125684,NLRP14;ZNF214;NLRP14
cg26469302,LRP5
cg24024302,NLRP1
cg26676360,LRP1
cg08700306,LRP3
cg14624207,LRP5
cg03602143,NLRP11;NLRP4;NLRP11
cg21856771,LRP5;LRP5
cg14377018,NLRP5
cg27131908,NLRP7;NLRP7;NLRP7
cg05299108,LRP2
cg03547623,LRP1B
cg02654775,LRP1
cg24040155,LRP5
cg14876043,NLRP7;NLRP7;NLRP7
cg24123368,LRP10;LRP10
cg21001412,LRP5
cg14876923,LRP10
cg21484213,LRP1B;LRP1B
cg12114513,LRP12;LRP12
cg05776138,MIR1228;LRP1
cg00960037,LRP10;LRP10
cg01229327,NLRP12;NLRP12;NLRP12
cg17751129,NLRP1;NLRP1;NLRP1;NLRP1;NLRP1
cg11091914,LRP12;LRP12
cg13171067,LRP6
cg24172946,LRP1
cg19646900,LRP8;LRP8;LRP8;LRP8
cg12856345,NLRP1;NLRP1;NLRP1;NLRP1;NLRP1;NLRP1;NLRP1;NLRP1;NLRP1;NLRP1
cg11813198,LRP1
cg01438011,LRP4-AS1
cg04483460,LRP8;LRP8;LRP8;LRP8
cg19689876,NLRP2
cg16365302,LRP5
cg15481223,NLRP1;NLRP1;NLRP1;NLRP1;NLRP1
cg27534292,LRP10
cg08847724,LRP6
cg20401229,LRP1B
cg16585827,LRP2
cg05827874,LRP3
cg04528116,LRP1B
cg03619182,LRP8;LRP8;LRP8;LRP8
cg25727525,LRP1B
cg09360253,LRP1
cg20067405,NLRP2;NLRP2;NLRP2;NLRP2
cg04719387,LRP6
cg00554118,NLRP11;NLRP4;NLRP11
cg08273091,LRP5;LRP5
cg06019647,NLRP12;NLRP12;NLRP12
cg02970919,LRP2BP
cg00356499,LRPAP1
cg09845762,LRP5;LRP5
cg24761195,LRP11
cg17185433,LRP5;LRP5
cg05570937,LRP5
cg02918662,LRP8;LRP8;LRP8;LRP8
cg18838694,LRP1B
cg09699651,LRP11
cg22071763,LRP12;LRP12
cg18740359,NLRP4
cg12623695,LRP8;LRP8;LRP8;LRP8
cg00081647,LRP4
cg07732058,LRP8;LRP8;LRP8;LRP8
cg00268086,NLRP1;NLRP1;NLRP1;NLRP1;NLRP1;NLRP1;NLRP1;NLRP1;NLRP1;NLRP1
cg06648955,LRP5L
cg07103673,NLRP14
cg15045031,LRP5;LRP5
cg18923644,LRP6
cg26413307,LRP1B
cg19972788,NLRP1;LOC728392
cg16569736,LOC728392;NLRP1
cg05745845,NLRP4;NLRP11;NLRP4
cg15760241,LRP5L
cg12385849,LRP1
cg21851632,LRP1
cg07211612,LRP10
cg07598035,LRP5L
cg11283476,NLRP2;NLRP2;NLRP2;NLRP2
cg03539051,NLRP13
cg14190541,LRP2BP
cg15494558,LRP11
cg08555042,LRP4
cg17228942,NLRP14;ZNF214;NLRP14
cg22066108,LRPAP1
cg12125508,LRP1
cg09418290,NLRP3;NLRP3
cg12239218,LRP1
cg09203240,LRP5
cg03789934,NLRP11
cg15591938,NLRP4;NLRP11
cg04288920,LRP5;LRP5
cg10559736,LRP5;LRP5
cg14928510,NLRP7;NLRP7;NLRP7
cg27188827,NLRP11;NLRP4;NLRP11
cg25044834,LRP5
cg13245215,LRP2BP
cg03123268,LRP1
cg20214135,NLRP4
cg02709937,LRP1
cg21537637,NLRP2
cg11640361,LRP8;LRP8;LRP8;LRP8
cg12280471,NLRP3;NLRP3;NLRP3;NLRP3;NLRP3
cg14623698,LRP10
cg01657329,LRP5
cg16880597,LRP6
cg26142690,LRP8;LRP8;LRP8;LRP8
cg02322989,LRP1B;LRP1B
cg27575011,LRP11;RAET1E-AS1
cg04733424,LRP5
cg02921604,NLRP12;NLRP12
cg22747516,NLRP11;NLRP4
cg07687549,LRP2
cg23597288,LRP5L;LRP5L;LRP5L
cg03770173,LRP1B
cg13569583,LRP11
cg11261447,NLRP1;NLRP1;NLRP1;NLRP1;NLRP1
cg26489750,NLRP2
cg26330155,NLRP1;NLRP1;NLRP1;NLRP1;NLRP1;NLRP1;NLRP1;NLRP1;NLRP1;NLRP1
cg03451779,LRP11
cg22106220,LRP5L;LRP5L
cg01515074,LRP1
cg01681502,LRP1B
cg05864876,NLRP6
cg16671674,LRP1B
cg24098951,LRP12;LRP12
cg26112639,NLRP3;NLRP3;NLRP3;NLRP3;NLRP3
cg21115990,LRP5;LRP5
cg02327585,LRP1
cg05396897,NLRP3;NLRP3;NLRP3;NLRP3;NLRP3
cg17999916,LRP5
cg11661631,LRP1
cg12154472,LRP5;LRP5
cg16409259,LRP5
cg22380619,LRP1B
cg09451775,LRP2
cg11183292,LRP6
cg00686667,NLRP2;NLRP2;NLRP2;NLRP2
cg13872780,LRP5
cg19986528,LRP5;LRP5
cg11991231,NLRP1;NLRP1;NLRP1;NLRP1;NLRP1
cg08092404,LRPPRC;LRPPRC
cg05584118,LRP1
cg12800318,LRP1B
cg11294364,NLRP4
cg13151811,LRP5
cg14497202,LRPAP1
cg18737075,NLRP2;NLRP2;NLRP2;NLRP2
cg13425709,LRP5L
cg24780171,CKAP5;CKAP5;LRP4-AS1
cg07056967,LRP5
cg19706185,LRP1
cg11335262,LRP8;LRP8;LRP8;LRP8
cg26821433,LRP2
cg14945774,LRP5L;LRP5L
cg21279613,LRP5L
cg00851208,LRP1B
cg11703179,LRP1B
cg27188056,NLRP12
cg15364645,LRP2
cg16653003,LRP2BP
cg24819427,NLRP9
cg02427070,NLRP1
cg15419294,NLRP5
cg10874592,LRP8;LRP8;LRP8;LRP8
cg21824010,NLRP3;NLRP3
cg05686197,LRP1B
cg03053151,NLRP1;NLRP1;NLRP1;NLRP1;NLRP1
cg24380380,LRP5
cg13834335,LRP6
cg24086536,NLRP13
cg18894028,LRP5
cg26467269,LRP5
cg22502807,LRP1B
cg12063918,LRP5L
cg13541524,LRP1
cg01628819,NLRP7;NLRP7;NLRP7
cg10085158,LRP12;LRP12
cg12284306,LRP6
cg22556070,LRP4
cg05166079,LRP1B
cg18935453,LRP5
cg07501918,NLRP2;NLRP2;NLRP2;NLRP2
cg26936740,LOC105378732;LRP8;LRP8;LRP8;LRP8
cg22819171,LRP8;LRP8;LRP8;LRP8
cg27318418,LRPAP1
cg13575943,LRP5;LRP5
cg24785060,LRP5;LRP5
cg17808637,NLRP1;NLRP1;NLRP1;NLRP1;NLRP1
cg19744614,NLRP11
cg04958496,LRP6
cg09659163,LRP1
cg16606032,LRP1-AS;LRP1-AS;LRP1
cg11731522,LRP4
cg08944241,LRP11
cg10634922,LRP1B
cg14469422,LRP5L;LRP5L
cg09530439,LRP1B
cg27458403,LRP1B
cg12627354,LRP4
cg07867554,LRP11
cg20668447,LRP1
cg05417803,LRP4
cg04251354,NLRP2;NLRP2;NLRP2;NLRP2
cg14232317,LRP8;LRP8;LRP8;LRP8
cg25201363,LRPAP1
cg00216073,LRP11;RAET1E-AS1
cg09823841,LRP8;LRP8;LRP8;LRP8
cg11708358,LRP11
cg06692408,NLRP12;NLRP12;NLRP12
cg26030553,LRP1
cg20311730,NLRP10
cg26915558,LRP5
cg14354703,NLRP10
cg24776498,LRP6
cg06767059,LRPAP1
cg21746120,LRP5
cg25742300,LRP1B
cg03938516,LRP8;LRP8;LRP8;LRP8
cg04051152,LRP6
cg25671364,LRPAP1
cg24771085,LRP11
cg16293853,NLRP6
cg23892348,LRP8;LRP8;LRP8;LRP8
cg11854380,LRP8;LRP8;LRP8;LRP8
cg26878836,LRP5
cg05336056,LRP2
cg11838299,NLRP14;ZNF214;NLRP14
cg07164722,NLRP3;NLRP3;NLRP3;NLRP3;NLRP3
cg09535718,LRPAP1
cg03065625,LRP4
cg00751958,NLRP8
cg24157984,LRP5L;LRP5L
cg02081720,LRP5;LRP5
cg09608705,NLRP4
cg07359686,NLRP8
cg04301198,LRP1B
cg13647055,LRP2
cg11122256,MIR1228;LRP1
cg19504001,LRP1
cg01879460,NLRP7;NLRP7;NLRP7
cg04905443,LRP12;LRP12
cg10471216,LRP1
cg03334602,LRP5;LRP5
cg25688172,NLRP9
cg00956091,LRP8;LRP8;LRP8;LRP8
cg02738938,LRPPRC
cg18360920,LRP11
cg00023288,LRPPRC
cg09365792,LRP1B
cg21596919,LRP8;LRP8;LRP8;LRP8;LRP8;LRP8;LRP8;LRP8
cg21916461,LRP5
cg13249774,LRP5
cg22205544,NLRP6
cg25027522,LRP5
cg05135107,LILRP2
cg16918595,LRP1
cg09070760,NLRP1
cg05513017,LRP1
cg01913188,LRPPRC
cg13993034,LRPPRC;LRPPRC
cg27374734,LRP11
cg14990120,LRP2BP
cg08211199,NLRP7;NLRP7;NLRP7
cg04343509,LRP5
cg17856611,LRP1B
cg03742937,LRP5;LRP5
cg00919567,LRPAP1
cg07351267,LRP3
cg07543219,LRPPRC
cg25299319,LRP1
cg18443392,LRP1
cg24606651,LRP2
cg14217229,NLRP5
cg11902380,MIR1228;LRP1
cg26642904,LRPPRC
cg25966682,LRP1
cg20685554,LRP11
cg22151881,LRP5
cg03114804,LRP1
cg18126557,NLRP3;NLRP3;NLRP3;NLRP3;NLRP3
cg09164911,LRP5
cg17251265,NLRP1;NLRP1;NLRP1;NLRP1;NLRP1;NLRP1;NLRP1;NLRP1;NLRP1;NLRP1
cg12418739,LRP5
cg17759564,LILRP2
cg11504172,LRP6
cg21991396,NLRP3;NLRP3;NLRP3;NLRP3;NLRP3;NLRP3;NLRP3;NLRP3
cg09817069,LRP1
cg09541348,NLRP7;NLRP7;NLRP7
cg09819791,LRP4
cg17817203,NLRP2
cg23506063,LRP11
cg24740004,LRP11
cg19022120,NLRP1;NLRP1;NLRP1;NLRP1;NLRP1
cg00042654,LRP2
cg15161667,LRP4
cg26264314,NLRP5
cg00263425,LRP2BP
cg11950754,LRP8;LRP8;LRP8;LRP8
cg06382546,LRP1B
cg08679171,LRP6
cg26214948,LRPAP1
cg16395700,NLRP6;NLRP6
cg00418037,LRPAP1;LRPAP1
cg22612387,LRP10
cg06736678,LRP2;LRP2
cg20023524,LRP5L
cg16612926,LRP1
cg25203856,NLRP14
cg27044931,NLRP1;NLRP1;NLRP1;NLRP1;NLRP1
cg08781755,LRPPRC
cg11783559,NLRP2;NLRP2;NLRP2;NLRP2
cg08603449,LRP12;LRP12
cg20029881,LRP1
cg23903787,LRPAP1
cg18504358,LRP10
cg15471197,LRP1
cg09671392,LRP1B
cg24583931,LRP4
cg07313373,NLRP3;NLRP3
cg04492545,LRP8;LRP8;LRP8;LRP8
cg17677413,LRP5
cg18332754,LRP4
cg16140139,LRPPRC
cg06869755,LRP5
cg07742492,LRP5
cg12253142,LRP6
cg09938124,LRP6
cg25296745,LRPAP1
cg16209652,LRP1B;LRP1B
cg16980426,LRP5
cg01560554,NLRP7;NLRP7;NLRP7
cg07265497,NLRP1;NLRP1;NLRP1;NLRP1;NLRP1
cg23256899,LRP5
cg06160973,LRP1
cg20877162,LRP5;LRP5
cg06353919,LRP8;LRP8;LRP8;LRP8
cg02347487,NLRP14
cg03328571,LRP2
cg26445008,LRPPRC
cg10131219,LRP2
cg03372852,LILRP2
cg00920553,LRP2BP
cg09235426,LRP1
cg22190114,NLRP8;NLRP8
cg07821737,NLRP9;NLRP9
cg24219985,MIR1228;LRP1
cg03039475,NLRP2;NLRP2;NLRP2;NLRP2;NLRP2;NLRP2;NLRP2
cg17814532,LRP1B
cg03009397,NLRP6
cg26797981,NLRP12;NLRP12;NLRP12
cg22280068,NLRP6
cg21919599,NLRP3;NLRP3
cg08014404,LRP5;LRP5
cg08558873,ZNF214;NLRP14;ZNF214
cg19090419,LRP4
cg01607367,LRP1
cg09047536,LRP5;LRP5
cg10420527,LRP5
cg02361027,LRP2
cg22475082,NLRP2
cg10311602,LRP8;LRP8;LRP8;LRP8
cg20155447,LRP5
cg05023116,NLRP5
cg19875520,NLRP1;NLRP1;NLRP1;NLRP1;NLRP1
cg06521761,LRP2BP;LRP2BP
cg13714490,LRP8;LRP8;LRP8;LRP8;LOC105378732
cg15031253,NLRP2
cg14948785,NLRP14;ZNF214;NLRP14
cg13721560,LRPPRC
cg05336916,LRP10
cg02772882,LRP5;LRP5
cg00849244,LRP1B
cg18581616,NLRP8
cg26375855,NLRP12;NLRP12;NLRP12
cg15015823,LRP1B
cg10739650,LRP8;LRP8;LRP8;LRP8
cg14930706,NLRP4
cg05211441,LRP11
cg21806273,NLRP3;NLRP3
cg07115291,LRP1B
cg27031632,LRP1;LRP1
cg17476056,LRP5;LRP5
cg01292613,NLRP8
cg10927250,LRP8;LRP8;LRP8;LRP8
cg08945941,NLRP10
cg04785007,NLRP4
cg04558707,LRP1
cg02214067,LRP8;LRP8;LRP8;LRP8
cg01398428,LRP5
cg15459154,NLRP1;NLRP1;NLRP1;NLRP1;NLRP1
cg08035277,LRP5
cg25260176,LRP1
cg20310100,LRP5
cg21873011,ZNF214;NLRP14;ZNF214
cg09205751,NLRP6
cg21497669,LRP1
cg13203634,ZNF214;NLRP14
cg10653456,LRP1
cg09739037,NLRP11;NLRP4;NLRP11
cg16833518,LRPAP1
cg16481560,NLRP2;NLRP2;NLRP2;NLRP2
cg00881032,LRP2
cg11019937,NLRP1;NLRP1;NLRP1;NLRP1;NLRP1
cg02219016,LRPPRC
cg18183941,NLRP3;NLRP3
cg06528485,LRP2
cg27321949,LRPAP1
cg24104249,NLRP3;NLRP3;NLRP3;NLRP3;NLRP3;NLRP3
cg20389822,LRPAP1
cg02506100,LRP12;LRP12
cg00566930,LRP1
cg01217745,LRP6
cg03524354,NLRP12;NLRP12
cg19729914,LRP8;LRP8;LRP8;LRP8
cg20494878,LRPAP1
cg15439294,NLRP5
cg05531258,LRP1;LRP1
cg10877667,NLRP3;NLRP3
cg11221873,LRP5;LRP5
cg09799538,LRP5;LRP5
cg16457274,LRP1
cg21956815,LRP6
cg14376761,LRP6
cg17224352,LRP5;LRP5
cg12225555,LRP11;LRP11
cg06799152,LRP1
cg06277239,LRP4
cg24112628,LRP11
cg24176376,LRP6
cg00420742,NLRP12;NLRP12
cg16079358,LRP10
cg06679185,NLRP10
cg01345320,LRP2
cg12766231,NLRP9
cg18989615,NLRP1;NLRP1;NLRP1;NLRP1;NLRP1
cg23437420,NLRP6
cg19043482,LRP1B
cg14083356,LRP5
ch.12.1204902R,LRP1
cg07791222,LRP4
cg04045912,LRP5;LRP5
cg04104738,LRP12;LRP12
cg16465559,LRP12;LRP12
cg12280113,NLRP9
cg23205521,LRP8;LRP8;LRP8;LRP8
cg26145254,LRP12;LRP12
cg08313092,LRP1B
cg04695373,NLRP12
cg27637326,NLRP9
cg14843868,LRP8;LRP8;LRP8;LRP8
cg24553773,LRP8;LRP8;LRP8;LRP8
cg03227813,LRP6
cg17317861,LRP5;LRP5
cg03064005,LRP5
cg23238677,LRP2
cg06990358,LRP12;LRP12
cg10687219,LRP5
cg00439790,LRP1
cg18449187,NLRP7;NLRP7;NLRP7
cg11175476,LRP6
cg16359142,NLRP6
cg05729948,LRP1
cg23176388,LRP5;LRP5
cg00662122,LRP12;LRP12
cg20437668,LRPAP1
cg13722221,LRP1
cg12838030,NLRP14;ZNF214
cg10819561,LRP4
cg16133943,LRP5
cg25866075,NLRP12
cg06118609,NLRP10
cg09205190,LOC728392;NLRP1
cg04416431,LRP5L;LRP5L
cg07046849,LRP10
cg03402922,LRP5
cg09749049,LRPAP1
cg24905248,LRPPRC
cg11926604,LRP3
cg01276169,LRP1
cg06607594,NLRP2
cg23321095,LRP1B
cg09414807,LRP5;LRP5
cg22668384,LRP1B
cg08591859,LRP5L;LRP5L
cg25870663,NLRP11;NLRP11
cg15451020,NLRP6
cg21437047,NLRP1;NLRP1;NLRP1;NLRP1;NLRP1
cg03197193,LRP5
cg05039784,LRP5L
cg03466998,NLRP3;NLRP3;NLRP3;NLRP3;NLRP3
cg03353436,NLRP10
cg21157155,LOC105378732;LRP8;LRP8;LRP8;LRP8
cg15597945,LRP6
cg13650654,NLRP7;NLRP7;NLRP7
cg22192138,LRP6
cg27263900,LRP8;LRP8;LRP8;LRP8
cg10732016,LRP1
cg20564558,NLRP14
cg05083714,LRP5;LRP5
cg27624141,LRP5;LRP5
cg16465012,LRPAP1
cg03035359,LRP5
cg02619298,LRP5;LRP5
cg15206111,LRP11;LRP11
cg07661882,LRPPRC
cg11934352,LRP6
cg26368601,NLRP9
cg00789037,NLRP3;NLRP3;NLRP3;NLRP3;NLRP3;NLRP3
cg22788909,NLRP2;NLRP2;NLRP2;NLRP2
cg15750611,LRP5
cg10299917,LRP5L
cg06317398,NLRP12;NLRP12;NLRP12
cg16391294,LRP1B
cg06000701,NLRP9
cg19042419,LRPPRC
cg06328831,NLRP6
cg14115834,NLRP2;NLRP2;NLRP2;NLRP2;NLRP2;NLRP2;NLRP2;NLRP2
cg23981730,LRP1;LRP1
cg20883730,NLRP14
cg06715885,LRP1
cg05342136,LRPAP1
cg06600276,LRP1
cg27569628,LRP6
cg27634107,LRP10
cg22952832,LRP2BP
cg05615449,NLRP3;NLRP3;NLRP3;NLRP3;NLRP3;NLRP3
cg06654773,LRP5
cg24069286,LRP2BP
cg10905858,LRP8;LRP8;LRP8;LRP8
cg25147908,LRP5L
cg08067681,LRPAP1;LRPAP1
cg19845212,NLRP3;NLRP3
cg11357008,NLRP7;NLRP7;NLRP7
cg16145137,LRP8;LRP8;LRP8;LRP8
cg02488702,LRP1B
cg08051321,LRP2
cg04467738,NLRP13
cg08822679,LRPPRC
cg01078048,LRP4
cg12936779,LRP5
cg09412538,LRP1B
cg24459953,NLRP8
cg00773233,LRP1
cg02099427,LRPPRC
cg03851533,LRP2BP
cg11339060,LRP2
cg19023876,NLRP3;NLRP3;NLRP3;NLRP3;NLRP3
cg21808684,LRP1B;LRP1B
cg10664618,LRP1
cg03137091,LRP1B
cg03533590,LRP5
cg08017450,LRP4
cg04997235,LRP8;LRP8;LRP8;LRP8
cg10893908,LRP5
cg00622653,NLRP1;NLRP1;NLRP1;NLRP1;NLRP1
cg25412384,LRP10;LRP10
cg17366309,LRP5L
cg09242181,LRP4
cg19134764,NLRP3;NLRP3;NLRP3;NLRP3;NLRP3;NLRP3;NLRP3;NLRP3;NLRP3;NLRP3
cg06269919,LRP1
cg02101696,LRP4
cg12232274,LRP11
cg18752774,NLRP14
cg23653461,LRP1B
cg19274761,LILRP2
cg08026930,NLRP8
cg21611682,LRP5
cg10365522,NLRP9
cg19268381,LRP1B
cg25361935,LRP5L;LRP5L
ch.2.1056241F,LRPPRC
cg16130443,LRP8;LRP8;LRP8;LRP8
cg24954738,LRP6
cg25366155,LRP5
cg08703289,NLRP12
cg19204693,LRP5
cg09531892,LRP12;LRP12
cg24051242,LRP5
cg15556781,LRP5L;LRP5L;LRP5L
cg26077117,LRP1B
cg17037399,LRP1
cg05360160,LRP5
cg11086642,LRP5
cg16215996,LRP1
cg02709032,SLC7A10;LRP3
cg01669973,LRP1
cg10204725,NLRP4
cg10400393,LRP4
cg02714065,LRP2
cg19658487,LRP5
cg12016746,LRP5
cg00693253,LRP1
cg03860720,LRP12;LRP12
cg19258868,LRP1
cg12471986,ZNF214;NLRP14;ZNF214
cg03678566,LRP5
cg21888135,LRP8;LRP8;LRP8;LRP8
cg11628370,NLRP3;NLRP3;NLRP3;NLRP3;NLRP3;NLRP3
cg25216512,LRP1B
cg02828142,LRP5;LRP5
cg13236858,LRP1
cg00093149,LRP6
cg07121721,NLRP1
cg20253302,LRP2BP
cg13856086,LRP5L;LRP5L;LRP5L
cg07069090,LRP2
cg19962304,LRP2
cg06341100,LRP5
cg07283060,LRP1-AS;LRP1-AS;LRP1
cg02846431,LRPAP1
cg08966183,LRP11
cg05291244,LRP1B
cg23380197,LRP3
cg08645980,LRP2
cg26822106,NLRP8
cg22092780,LRP11;RAET1E-AS1
cg13063967,LRP6
cg23595304,LRP4
cg15362380,LRPAP1
cg21354015,NLRP11;NLRP4
cg24878005,LRP11
cg14413862,NLRP3;NLRP3;NLRP3;NLRP3;NLRP3;NLRP3;NLRP3;NLRP3
cg02221422,LRP5
cg27000780,NLRP6;NLRP6
cg02770683,LRP1
cg05853769,LRP1B
cg03913050,LRP1
cg10170944,LRP1
cg07124859,LRP1;MIR1228
cg20995778,NLRP2
cg06531254,LRPPRC
cg18059223,NLRP2
cg14649267,NLRP1;NLRP1;NLRP1;NLRP1;NLRP1
cg17382459,NLRP4;NLRP4;NLRP11
cg16956892,LRP4
ch.11.1416715R,LRP5
cg16691888,LRP2
cg25021900,LRP1
cg20352728,LRP5L;LRP5L
cg12985581,ZNF214;NLRP14
cg02502132,LRP8;LRP8;LRP8;LRP8
cg10499042,LRP1B
cg09618674,LRP1B
cg05553677,NLRP7;NLRP7;NLRP7
cg00228689,LRP8;LRP8;LRP8;LRP8
cg09686672,LRP1
cg09591046,NLRP6;NLRP6
cg07442907,NLRP1;NLRP1;NLRP1;NLRP1;NLRP1
cg22642498,NLRP12;NLRP12
cg09244186,LRP8;LRP8;LRP8;LRP8
cg15302350,LRP5
cg16766632,LRP1
cg20597820,LRP5
cg22906113,LRP5
cg16391111,LRP4
cg24303332,LRP5
cg10815420,LRP12;LRP12
cg24829194,LRP11
cg18477843,NLRP9
cg00120840,LRP1B
cg15304800,NLRP11;NLRP4
cg08672488,LRP5L;LRP5L
cg26005127,LRP5;LRP5
cg20264529,MTPAP
cg13665263,MTPN;MTPN;LUZP6;LUZP6
cg05600688,LUZP6;MTPN
cg07232648,MTP18;MTP18
cg13509954,MTPAP
cg17989358,MTPAP
cg13524984,MTPAP
cg25024354,MTPN;MTPN;LUZP6;LUZP6
cg09935203,MTPN;LUZP6;MTPN;LUZP6
cg13374389,MTP18;MTP18;MTP18;MTP18
cg16789051,MTPN;LUZP6
cg21232129,MTP18;MTP18
cg00164189,MTP18;MTP18;SEC14L2
cg00925871,MTPAP
cg23398173,MTPN;LUZP6
cg17374727,LUZP6;MTPN
cg26971692,LUZP6;MTPN
cg24321951,MTPN;LUZP6
cg26327119,MTPN;LUZP6
cg13516719,MTPAP
cg19229823,LUZP6;MTPN
cg14921898,MTP18;MTP18
cg00880288,MTPN;LUZP6
cg15280197,LUZP6;MTPN
cg14568490,LUZP6;MTPN
cg11422861,MTP18;MTP18
cg18983174,LUZP6;MTPN
cg07838680,MTP18;MTP18
cg22395002,MTP18;MTP18
cg26718574,MTPAP
cg26884567,MTPAP
cg22125214,LUZP6;MTPN
cg08341240,LUZP6;MTPN
cg22518127,MTP18;MTP18;SEC14L2
cg04286237,LUZP6;MTPN
cg22336034,MTP18;MTP18
cg00843976,LUZP6;MTPN
cg22629853,MTPAP
cg02393640,LUZP6;MTPN
cg10320446,MTPN;LUZP6;LUZP6
cg00805175,LUZP6;MTPN
cg21537187,MTPN;LUZP6
cg09275427,MTP18;MTP18
cg19592699,LUZP6;MTPN
cg22881967,LUZP6;MTPN
cg25833031,MTPAP
cg19549833,LUZP6;MTPN
cg01441307,MTPAP
cg17308493,MTPAP
cg17907056,MTPAP
cg18222494,MTPAP
cg22530927,MTPN;LUZP6
cg03296761,MTP18;MTP18
cg25779349,MTTP;RG9MTD2;RG9MTD2;MTTP;RG9MTD2
cg23526353,RG9MTD2;MTTP;RG9MTD2;RG9MTD2
cg21156210,RG9MTD2;RG9MTD2;MTTP;RG9MTD2
cg10409785,RG9MTD2;MTTP;RG9MTD2;RG9MTD2
cg04360080,RG9MTD2;RG9MTD2;MTTP;RG9MTD2
cg17592507,RG9MTD2;RG9MTD2;MTTP;RG9MTD2
cg11398097,RG9MTD2;MTTP;RG9MTD2;RG9MTD2
cg19489111,RG9MTD2;RG9MTD2;MTTP;RG9MTD2
cg01754162,RG9MTD2;RG9MTD2;MTTP;RG9MTD2;RG9MTD2
cg25391692,MTTP
cg24693909,RG9MTD2;RG9MTD2;MTTP;RG9MTD2;RG9MTD2
cg02389080,MTTP;MTTP
cg04999066,MTTP;MTTP
cg16950800,MTTP
cg07472158,RG9MTD2;RG9MTD2;MTTP;RG9MTD2
cg09142408,RG9MTD2;MTTP;RG9MTD2;RG9MTD2
cg14706331,MTTP;MTTP
cg17417614,MTTP;TRMT10A;TRMT10A;MTTP
cg12877462,RG9MTD2;MTTP;RG9MTD2;RG9MTD2
cg17341493,MTTP;MTTP
cg17195706,MTTP
cg20713333,RG9MTD2;MTTP;RG9MTD2;RG9MTD2
cg07339044,TRMT10A;MTTP;TRMT10A;TRMT10A;MTTP
cg13955622,MTTP
cg16650125,MTTP;MTTP
cg11470337,NPC1L1;NPC1L1
cg22241850,NPC1L1;NPC1L1;NPC1L1
cg03086893,NPC1L1;NPC1L1
cg08399858,NPC1L1;NPC1L1
cg19336556,NPC1L1;NPC1L1
cg02219444,NPC1L1;NPC1L1
cg01898444,NPC1L1;NPC1L1;NPC1L1
cg10244245,NPC1L1;NPC1L1;NPC1L1
cg14549878,NPC1L1;NPC1L1
cg26378136,NPC1L1;NPC1L1
cg17754680,NPC1L1;NPC1L1
cg01566593,NPC1L1;NPC1L1
cg05539991,NPC1L1;NPC1L1
cg05358848,NPC1L1;NPC1L1
cg18370764,NPC1L1;NPC1L1
cg23118549,NPC1L1;NPC1L1
cg12252759,NPC1L1;NPC1L1
cg02004747,NPC1L1;NPC1L1
cg26540410,NPC1L1;NPC1L1
cg03010202,NPC1L1;NPC1L1
cg16429883,NPC1L1;NPC1L1;NPC1L1
cg06907626,NPC1L1;NPC1L1
cg14378889,NPC1L1;NPC1L1;NPC1L1
cg07536600,NPC1L1;NPC1L1
cg14477619,NPC1L1;NPC1L1;NPC1L1;NPC1L1
cg02456675,NPC1L1;NPC1L1
cg17167852,PCSK9
cg19249107,PCSK9
cg00922420,PCSK9
cg25795075,PCSK9;PCSK9
cg14752245,PCSK9;PCSK9
cg09072162,PCSK9
cg01444643,PCSK9
cg08920610,PCSK9;PCSK9
cg13462158,PCSK9
cg25902309,PCSK9;PCSK9;PCSK9
cg04554817,PCSK9
cg23552283,PCSK9;PCSK9
cg14977608,PCSK9
cg26711070,PCSK9;PCSK9
cg25011934,PCSK9;PCSK9
cg17826594,PCSK9
cg02128990,PCSK9;PCSK9
cg26047355,PCSK9
cg25957967,PCSK9
cg27489963,PCSK9;PCSK9
cg14214659,PCSK9;PCSK9
cg05118916,PCSK9
cg11759469,PCSK9;PCSK9
cg14993491,PCSK9
cg19806342,PCSK9;PCSK9;PCSK9;PCSK9
cg23961333,PCSK9;PCSK9
cg20245116,PCSK9
cg02097511,PCSK9;PCSK9
cg18864358,PCSK9
cg13191808,PCSK9;PCSK9
cg02920851,PCSK9
cg24310225,PCSK9;PCSK9;PCSK9
cg00045070,PCSK9
cg26181126,PCSK9;PCSK9
cg23149880,PCSK9;PCSK9
cg26666107,PCSK9
cg24406116,SORT1
cg12028052,SORT1
cg13912858,SORT1
cg16988986,SORT1
cg22747843,SORT1;SORT1
cg26022608,SORT1;SORT1
cg22346081,SORT1
cg09764697,SORT1
cg20930320,SORT1
cg23032129,SORT1
cg02192749,SORT1;SORT1
cg17695856,SORT1;SORT1
cg17285605,SORT1
cg23616212,SORT1
cg12014643,SORT1;SORT1
cg05048475,SORT1
cg06387602,SORT1;SORT1
cg18198556,SORT1;SORT1
cg02121683,SORT1;SORT1
cg02175308,SORT1
cg14181809,SORT1;SORT1
cg10087399,SORT1
cg26007425,SORT1;SORT1;SORT1;SORT1
cg25802927,SORT1;SORT1
cg12464626,SORT1;PSMA5;PSMA5;PSMA5;PSMA5
cg23552946,SORT1;SORT1
cg01526259,SORT1;SORT1
cg18974926,SORT1
cg13926338,SORT1
cg15309741,SORT1;SORT1
cg00683961,SORT1
cg17513787,SORT1
cg14621698,SORT1;SORT1;SORT1
cg09131339,SORT1
cg20004424,TBL2
cg07452164,TBL2
cg27068399,TBL2
cg21936550,TBL2
cg05303982,ACTBL2
cg04591132,TBL2
cg15282473,TBL2
cg11022768,ACTBL2;ACTBL2
cg02683692,TBL2
cg22959159,TBL2
cg15781561,TBL2
cg23759831,TBL2;TBL2
cg06160643,ACTBL2
cg07301561,ACTBL2
cg22511633,TBL2
cg27332489,TBL2
cg26768399,ACTBL2
cg26657920,ACTBL2
cg21193175,TBL2
cg10195567,TBL2
cg05301052,ACTBL2
cg04669894,TBL2
cg02902261,TBL2
cg23530707,TBL2
cg02290509,TBL2;TBL2
cg13303682,ACTBL2
cg19240483,TBL2
cg11271345,ACTBL2
cg22108809,ACTBL2
cg18959139,TBL2
cg10658688,TBL2
cg13434062,TBL2
cg20772593,ACTBL2
cg06948947,TBL2
cg10557352,ACTBL2
cg09928596,ACTBL2
cg03068659,TBL2
cg07441839,TBL2
cg10092878,MLXIPL;MLXIPL;MLXIPL;MLXIPL;MLXIPL;MLXIPL;MLXIPL;MLXIPL
cg13337731,MLXIPL;MLXIPL;MLXIPL;MLXIPL
cg04431119,MLXIPL;MLXIPL;MLXIPL;MLXIPL
cg23983315,MLXIPL;MLXIPL;MLXIPL;MLXIPL
cg00907843,MLXIPL;MLXIPL;MLXIPL;MLXIPL
cg00496025,MLXIPL;MLXIPL;MLXIPL;MLXIPL
cg03582798,MLXIPL;MLXIPL;MLXIPL;MLXIPL
cg13824302,MLXIPL;MLXIPL;MLXIPL;MLXIPL
cg14087351,MLXIPL;MLXIPL;MLXIPL;MLXIPL
cg06422034,MLXIPL;MLXIPL;MLXIPL;MLXIPL
cg03167980,MLXIPL;MLXIPL;MLXIPL;MLXIPL
cg03842980,MLXIPL;MLXIPL;MLXIPL;MLXIPL
cg22943066,MLXIPL;MLXIPL;MLXIPL;MLXIPL
cg27274446,MLXIPL;MLXIPL;MLXIPL;MLXIPL
cg22185378,MLXIPL;MLXIPL;MLXIPL;MLXIPL
cg26545425,MLXIPL;MLXIPL;MLXIPL;MLXIPL
cg03144715,MLXIPL;MLXIPL;MLXIPL;MLXIPL
cg07737781,MLXIPL;MLXIPL;MLXIPL;MLXIPL;MLXIPL;MLXIPL;MLXIPL;MLXIPL
cg13525316,MLXIPL;MLXIPL;MLXIPL;MLXIPL
cg17438155,MLXIPL;MLXIPL;MLXIPL;MLXIPL
cg20064905,MLXIPL;MLXIPL;MLXIPL;MLXIPL
cg18070753,MLXIPL;MLXIPL;MLXIPL;MLXIPL
cg13492520,MLXIPL;MLXIPL;MLXIPL;MLXIPL
cg01499522,MLXIPL;MLXIPL;MLXIPL;MLXIPL
cg17015527,MLXIPL;MLXIPL;MLXIPL;MLXIPL
cg12767109,MLXIPL;MLXIPL;MLXIPL;MLXIPL
cg15910880,MLXIPL;MLXIPL;MLXIPL;MLXIPL
cg14319132,MLXIPL;MLXIPL;MLXIPL;MLXIPL
cg02382795,MLXIPL;MLXIPL;MLXIPL;MLXIPL
cg10148923,MLXIPL;MLXIPL;MLXIPL;MLXIPL
cg05007097,MLXIPL;MLXIPL;MLXIPL;MLXIPL
cg23445772,MLXIPL;MLXIPL;MLXIPL;MLXIPL
cg09227144,MLXIPL;MLXIPL;MLXIPL;MLXIPL
cg12212591,MLXIPL;MLXIPL;MLXIPL;MLXIPL
cg13666696,MLXIPL;MLXIPL;MLXIPL;MLXIPL
cg19085605,UBIAD1;UBIAD1
cg16681977,UBIAD1
cg07139317,UBIAD1;UBIAD1
cg24556854,UBIAD1
cg18918588,UBIAD1
cg15800786,UBIAD1
cg16426782,UBIAD1
cg19846865,UBIAD1
cg08733203,UBIAD1
cg14280409,UBIAD1;UBIAD1
cg07803781,UBIAD1;UBIAD1
cg26229593,UBIAD1
cg00920043,UBIAD1;UBIAD1
cg00812303,UBIAD1
cg00524115,UBIAD1
cg12710743,ZPR1
cg05265132,ZPR1
cg18103825,ZPR1
cg09269598,ZPR1;ZPR1
cg00526336,GALNT2
cg18122200,GALNT2
cg24865406,GALNT2
cg01147550,B4GALNT2;B4GALNT2;B4GALNT2
cg20551956,B3GALNT2;B3GALNT2
cg03756088,GALNT2
cg01688264,B4GALNT2;B4GALNT2;B4GALNT2
cg23677911,GALNT2
cg24250902,GALNT2
cg18208707,B4GALNT2;B4GALNT2;B4GALNT2
cg19647058,GALNT2
cg01429662,B4GALNT2;B4GALNT2;B4GALNT2
cg14591667,B4GALNT2;B4GALNT2;B4GALNT2
cg19133221,B4GALNT2;B4GALNT2;B4GALNT2
cg03144619,GALNT2
cg16206138,B4GALNT2;B4GALNT2;B4GALNT2
cg02445664,B4GALNT2;B4GALNT2;B4GALNT2
cg04836714,GALNT2
cg01554316,GALNT2
cg22259831,B4GALNT2;B4GALNT2;B4GALNT2
cg02633690,B3GALNT2
cg26050004,B3GALNT2;B3GALNT2
cg17498841,B3GALNT2
cg18343658,GALNT2
cg03525122,GALNT2
cg17737409,GALNT2
cg08705382,GALNT2
cg03905604,GALNT2;GALNT2
cg23735745,GALNT2
cg27444913,GALNT2
cg03209127,B3GALNT2
cg24577594,GALNT2
cg05901884,GALNT2;GALNT2
cg17119498,GALNT2;GALNT2
cg17686983,GALNT2;GALNT2
cg07522127,GALNT2;GALNT2;GALNT2
cg03650063,B3GALNT2
cg09531568,GALNT2;GALNT2
cg15231491,GALNT2;GALNT2;GALNT2
cg17896539,GALNT2;GALNT2;GALNT2
cg14559650,GALNT2;GALNT2
cg24814217,GALNT2;GALNT2;GALNT2;GALNT2
cg02125168,GALNT2;GALNT2;GALNT2
cg19687959,B4GALNT2;B4GALNT2;B4GALNT2
cg02489685,GALNT2
cg00550925,GALNT2;GALNT2;GALNT2
cg08204872,GALNT2;GALNT2
cg24401487,GALNT2
cg04690475,GALNT2;GALNT2
cg08888490,GALNT2;GALNT2
cg12723251,GALNT2
cg25446098,B4GALNT2;B4GALNT2;B4GALNT2
cg24151755,GALNT2
cg01080986,GALNT2
cg22862155,GALNT2
cg09847368,GALNT2
cg17954142,GALNT2
cg02323768,GALNT2;GALNT2
cg08828627,GALNT2;GALNT2
cg22628870,GALNT2;GALNT2
cg23230158,GALNT2
cg26303777,GALNT2
cg14010086,B4GALNT2;B4GALNT2;B4GALNT2
cg04991747,GALNT2
cg01828742,GALNT2;GALNT2
cg04578946,GALNT2;GALNT2;GALNT2
cg26950022,GALNT2;GALNT2
cg03036668,GALNT2;GALNT2
cg03167683,B4GALNT2;B4GALNT2;B4GALNT2;B4GALNT2
cg15133133,GALNT2
cg26893605,GALNT2
cg02931783,GALNT2;GALNT2
cg13769204,GALNT2
cg05104052,GALNT2;GALNT2
cg14758440,GALNT2
cg00566187,GALNT2
cg20594765,GALNT2
cg24238265,B4GALNT2
cg21437345,B4GALNT2;B4GALNT2;B4GALNT2
cg00328246,GALNT2;GALNT2;GALNT2
cg12449515,GALNT2
cg15487498,GALNT2
cg24238356,B4GALNT2;B4GALNT2;B4GALNT2
cg11222630,GALNT2
cg07855824,GALNT2;GALNT2
cg10502617,GALNT2;GALNT2
cg03306142,GALNT2;GALNT2
cg01122366,GALNT2;GALNT2
cg26792933,GALNT2
cg19011876,GALNT2;GALNT2
cg09024003,GALNT2;GALNT2
cg05561028,GALNT2;GALNT2
cg12435614,GALNT2;GALNT2
cg09880891,GALNT2;GALNT2
cg21347949,GALNT2;GALNT2
cg18854893,B3GALNT2;B3GALNT2
cg09363157,GALNT2
cg13127214,GALNT2;GALNT2
cg09367266,B4GALNT2;B4GALNT2;B4GALNT2
cg02715925,GALNT2;GALNT2
cg13387529,GALNT2
cg04304509,GALNT2
cg07836225,B3GALNT2
cg23259038,B3GALNT2;B3GALNT2
cg25476731,B3GALNT2;B3GALNT2
cg15723468,GALNT2
cg04858096,GALNT2;GALNT2
cg05697274,GALNT2
cg06016162,GALNT2;GALNT2
cg15817769,GALNT2
cg16409104,B3GALNT2;B3GALNT2
cg17930505,GALNT2
cg22811817,GALNT2
cg22153407,GALNT2
cg18091363,GALNT2;GALNT2
cg08141553,GALNT2
cg06801857,GALNT2
cg14280264,GALNT2;GALNT2
cg25976181,GALNT2;GALNT2
cg19203015,GALNT2;GALNT2
cg08926077,B3GALNT2;B3GALNT2
cg23936766,GALNT2
cg21898699,GALNT2;GALNT2
cg04292187,B3GALNT2
cg09867133,GALNT2;GALNT2
cg20989443,GALNT2
cg03984310,GALNT2
cg11383850,B4GALNT2;B4GALNT2;B4GALNT2
cg01993812,GALNT2;GALNT2;GALNT2
cg15064387,GALNT2
cg12446143,GALNT2
cg14218233,GALNT2
cg24400608,GALNT2
cg00617568,B4GALNT2;B4GALNT2
cg11872894,GALNT2;GALNT2
cg00923744,GALNT2
cg13395373,B3GALNT2
cg23656755,GALNT2
cg24315588,GALNT2;GALNT2
cg11795921,GALNT2
cg12131063,GALNT2;GALNT2
cg05238951,GALNT2;GALNT2
cg19879264,B3GALNT2
cg23090017,B3GALNT2;B3GALNT2
cg04702490,GALNT2
cg26759846,GALNT2;GALNT2
cg20703242,GALNT2
cg04709827,GALNT2;GALNT2
cg02845413,GALNT2;GALNT2;GALNT2
cg24660828,B3GALNT2
cg00589617,GALNT2
cg03157811,GALNT2;GALNT2
cg05526036,TBCE;TBCE;B3GALNT2
cg01742859,GALNT2;GALNT2
cg12416856,GALNT2
cg14980042,GALNT2;GALNT2
cg11424376,GALNT2
cg20233029,B4GALNT2;B4GALNT2;B4GALNT2;B4GALNT2
cg12840261,GALNT2
cg16517298,GALNT2
cg16246661,GALNT2
cg05784532,GALNT2
cg02971604,B3GALNT2
cg14855089,GALNT2;GALNT2
cg17100751,GALNT2
cg22159005,GALNT2;GALNT2
cg03767003,GALNT2;GALNT2
cg16698674,GALNT2
cg11527913,GALNT2
cg26525772,GALNT2
cg03316790,B4GALNT2;B4GALNT2;B4GALNT2
cg03256198,GALNT2
cg03702011,GALNT2
cg15873830,GALNT2;GALNT2
cg04456976,GALNT2;GALNT2
cg12380161,GALNT2;GALNT2;GALNT2
cg24591105,GALNT2
cg00000765,GALNT2;GALNT2
cg09526162,B4GALNT2;B4GALNT2;B4GALNT2
cg22715072,GALNT2;GALNT2
cg17220749,GALNT2
cg04380107,B4GALNT2;B4GALNT2;B4GALNT2
cg09764435,GALNT2;GALNT2
cg07364927,GALNT2
cg16314254,GALNT2
cg00265415,B3GALNT2
cg03940650,GALNT2;GALNT2
cg16668097,GALNT2;GALNT2
cg07022343,GALNT2
cg13495130,GALNT2;GALNT2
cg11753356,GALNT2
cg04900775,B4GALNT2
cg12653922,B3GALNT2
cg13359998,GALNT2
cg11643530,GALNT2;GALNT2
cg18187658,GALNT2
cg19727396,GALNT2
cg12297684,GALNT2
cg01569664,IRS2
cg14341579,IRS2;IRS2
cg22553273,IRS1
cg16976910,IRS2
cg08626939,IRS1
cg05404236,IRS2
cg02320481,IRS2;IRS2
cg19382545,IRS1
cg13008631,IRS1
cg11620807,IRS1
cg10359929,IRS1
cg08510264,IRS2
cg00191629,IRS2
cg12163935,IRS1
cg01939883,IRS2
cg17848496,IRS1
cg14533206,IRS2
cg01156012,IRS2
cg27303430,IRS1
cg15714599,IRS2
cg21601493,IRS2
cg08166272,IRS1
cg20951650,IRS1
cg21511036,IRS1
cg06293108,IRS2
cg22691727,IRS1
cg03337886,IRS2
cg21560354,IRS2
cg07514207,IRS1
cg27126659,IRS1
cg23003890,IRS2
cg14880788,IRS1
cg03298167,IRS1
cg11359920,IRS2
cg04782213,IRS1
cg25312054,IRS2
cg01036998,IRS1
cg19045733,IRS1
cg00305996,IRS1
cg10517319,IRS1
cg15004389,IRS1
cg05514401,IRS2
cg03311605,IRS1
cg14550880,IRS2
cg00935043,IRS1
cg16851425,IRS2
cg14931062,IRS1
cg05263838,IRS1
cg18018313,IRS1
cg13539803,IRS2
cg08625260,IRS2
cg05077079,IRS2
cg08348990,IRS2
cg22612792,IRS1
cg14632054,IRS1
cg22386281,IRS1
cg21266798,IRS2
cg24670552,IRS2
cg25802424,IRS2
cg12195446,IRS2
cg00727310,IRS1
cg20445402,IRS2
cg12085119,IRS2
cg14283647,IRS1
cg00820208,IRS1
cg25310555,IRS2
cg10488031,IRS2
cg19988338,IRS2
cg06600694,IRS1
cg12599910,IRS1
cg24526103,IRS2
cg01686827,IRS1
cg08263553,IRS1
cg07440466,IRS1
cg02892043,IRS1
cg11889509,IRS2
cg13299279,IRS1
cg04129548,IRS1
cg11996390,IRS1
cg08057103,IRS2
cg04751089,IRS1
cg10664582,IRS2
cg17324121,IRS2
cg06549607,IRS2
cg25924746,IRS2
cg00912573,IRS1
